spout_wait,spliters,counters,<$throughput
0.0,0.0,0.0,8006.2
0.0,0.0,0.058823529411764705,10818.0
0.0,0.0,0.11764705882352941,11601.0
0.0,0.0,0.17647058823529413,11537.0
0.0,0.0,0.23529411764705882,12999.0
0.0,0.0,0.29411764705882354,12285.0
0.0,0.0,0.35294117647058826,12032.0
0.0,0.0,0.4117647058823529,13630.0
0.0,0.0,0.47058823529411764,12168.0
0.0,0.0,0.5294117647058824,13055.0
0.0,0.0,0.5882352941176471,14500.0
0.0,0.0,0.6470588235294118,12239.0
0.0,0.0,0.7058823529411765,12596.0
0.0,0.0,0.7647058823529411,15891.0
0.0,0.0,0.8235294117647058,13164.0
0.0,0.0,0.8823529411764706,12781.0
0.0,0.0,0.9411764705882353,16487.0
0.0,0.0,1.0,12962.0
0.0,0.2,0.0,8587.7
0.0,0.2,0.058823529411764705,11514.0
0.0,0.2,0.11764705882352941,12493.0
0.0,0.2,0.17647058823529413,14253.0
0.0,0.2,0.23529411764705882,14658.0
0.0,0.2,0.29411764705882354,14244.0
0.0,0.2,0.35294117647058826,15192.0
0.0,0.2,0.4117647058823529,16267.0
0.0,0.2,0.47058823529411764,15377.0
0.0,0.2,0.5294117647058824,16738.0
0.0,0.2,0.5882352941176471,16819.0
0.0,0.2,0.6470588235294118,15830.0
0.0,0.2,0.7058823529411765,16286.0
0.0,0.2,0.7647058823529411,17417.0
0.0,0.2,0.8235294117647058,16529.0
0.0,0.2,0.8823529411764706,18331.0
0.0,0.2,0.9411764705882353,18839.0
0.0,0.2,1.0,15819.0
0.0,0.4,0.0,7905.6
0.0,0.4,0.058823529411764705,11995.0
0.0,0.4,0.11764705882352941,13484.0
0.0,0.4,0.17647058823529413,14334.0
0.0,0.4,0.23529411764705882,14845.0
0.0,0.4,0.29411764705882354,14644.0
0.0,0.4,0.35294117647058826,16029.0
0.0,0.4,0.4117647058823529,16550.0
0.0,0.4,0.47058823529411764,17202.0
0.0,0.4,0.5294117647058824,17784.0
0.0,0.4,0.5882352941176471,17484.0
0.0,0.4,0.6470588235294118,18268.0
0.0,0.4,0.7058823529411765,18222.0
0.0,0.4,0.7647058823529411,17396.0
0.0,0.4,0.8235294117647058,19206.0
0.0,0.4,0.8823529411764706,18801.0
0.0,0.4,0.9411764705882353,19818.0
0.0,0.4,1.0,18647.0
0.0,0.6,0.0,8297.3
0.0,0.6,0.058823529411764705,11975.0
0.0,0.6,0.11764705882352941,13958.0
0.0,0.6,0.17647058823529413,14204.0
0.0,0.6,0.23529411764705882,15173.0
0.0,0.6,0.29411764705882354,15596.0
0.0,0.6,0.35294117647058826,15648.0
0.0,0.6,0.4117647058823529,16533.0
0.0,0.6,0.47058823529411764,15607.0
0.0,0.6,0.5294117647058824,17669.0
0.0,0.6,0.5882352941176471,17728.0
0.0,0.6,0.6470588235294118,18493.0
0.0,0.6,0.7058823529411765,18710.0
0.0,0.6,0.7647058823529411,17538.0
0.0,0.6,0.8235294117647058,18404.0
0.0,0.6,0.8823529411764706,17685.0
0.0,0.6,0.9411764705882353,19895.0
0.0,0.6,1.0,18807.0
0.0,0.8,0.0,8381.5
0.0,0.8,0.058823529411764705,11395.0
0.0,0.8,0.11764705882352941,13665.0
0.0,0.8,0.17647058823529413,14629.0
0.0,0.8,0.23529411764705882,14958.0
0.0,0.8,0.29411764705882354,15394.0
0.0,0.8,0.35294117647058826,15979.0
0.0,0.8,0.4117647058823529,15568.0
0.0,0.8,0.47058823529411764,17086.0
0.0,0.8,0.5294117647058824,18338.0
0.0,0.8,0.5882352941176471,17640.0
0.0,0.8,0.6470588235294118,18590.0
0.0,0.8,0.7058823529411765,18384.0
0.0,0.8,0.7647058823529411,17701.0
0.0,0.8,0.8235294117647058,19350.0
0.0,0.8,0.8823529411764706,19524.0
0.0,0.8,0.9411764705882353,20391.0
0.0,0.8,1.0,19409.0
0.0,1.0,0.0,8439.5
0.0,1.0,0.058823529411764705,11370.0
0.0,1.0,0.11764705882352941,13978.0
0.0,1.0,0.17647058823529413,14036.0
0.0,1.0,0.23529411764705882,14816.0
0.0,1.0,0.29411764705882354,15571.0
0.0,1.0,0.35294117647058826,14952.0
0.0,1.0,0.4117647058823529,16616.0
0.0,1.0,0.47058823529411764,17646.0
0.0,1.0,0.5294117647058824,18354.0
0.0,1.0,0.5882352941176471,18004.0
0.0,1.0,0.6470588235294118,18961.0
0.0,1.0,0.7058823529411765,17982.0
0.0,1.0,0.7647058823529411,18238.0
0.0,1.0,0.8235294117647058,19629.0
0.0,1.0,0.8823529411764706,19256.0
0.0,1.0,0.9411764705882353,20024.0
0.0,1.0,1.0,19152.0
0.00010001000100010001,0.0,0.0,8337.3
0.00010001000100010001,0.0,0.058823529411764705,11726.0
0.00010001000100010001,0.0,0.11764705882352941,12804.0
0.00010001000100010001,0.0,0.17647058823529413,12507.0
0.00010001000100010001,0.0,0.23529411764705882,13998.0
0.00010001000100010001,0.0,0.29411764705882354,12043.0
0.00010001000100010001,0.0,0.35294117647058826,12766.0
0.00010001000100010001,0.0,0.4117647058823529,14679.0
0.00010001000100010001,0.0,0.47058823529411764,13015.0
0.00010001000100010001,0.0,0.5294117647058824,13940.0
0.00010001000100010001,0.0,0.5882352941176471,16112.0
0.00010001000100010001,0.0,0.6470588235294118,13566.0
0.00010001000100010001,0.0,0.7058823529411765,13554.0
0.00010001000100010001,0.0,0.7647058823529411,16567.0
0.00010001000100010001,0.0,0.8235294117647058,13883.0
0.00010001000100010001,0.0,0.8823529411764706,14072.0
0.00010001000100010001,0.0,0.9411764705882353,16256.0
0.00010001000100010001,0.0,1.0,13858.0
0.00010001000100010001,0.2,0.0,9093.2
0.00010001000100010001,0.2,0.058823529411764705,11914.0
0.00010001000100010001,0.2,0.11764705882352941,12954.0
0.00010001000100010001,0.2,0.17647058823529413,14545.0
0.00010001000100010001,0.2,0.23529411764705882,14916.0
0.00010001000100010001,0.2,0.29411764705882354,14743.0
0.00010001000100010001,0.2,0.35294117647058826,15682.0
0.00010001000100010001,0.2,0.4117647058823529,16853.0
0.00010001000100010001,0.2,0.47058823529411764,15583.0
0.00010001000100010001,0.2,0.5294117647058824,17373.0
0.00010001000100010001,0.2,0.5882352941176471,17310.0
0.00010001000100010001,0.2,0.6470588235294118,16945.0
0.00010001000100010001,0.2,0.7058823529411765,17908.0
0.00010001000100010001,0.2,0.7647058823529411,18040.0
0.00010001000100010001,0.2,0.8235294117647058,16557.0
0.00010001000100010001,0.2,0.8823529411764706,18510.0
0.00010001000100010001,0.2,0.9411764705882353,19269.0
0.00010001000100010001,0.2,1.0,17493.0
0.00010001000100010001,0.4,0.0,8506.4
0.00010001000100010001,0.4,0.058823529411764705,12453.0
0.00010001000100010001,0.4,0.11764705882352941,14913.0
0.00010001000100010001,0.4,0.17647058823529413,14668.0
0.00010001000100010001,0.4,0.23529411764705882,15768.0
0.00010001000100010001,0.4,0.29411764705882354,15960.0
0.00010001000100010001,0.4,0.35294117647058826,15743.0
0.00010001000100010001,0.4,0.4117647058823529,16592.0
0.00010001000100010001,0.4,0.47058823529411764,17332.0
0.00010001000100010001,0.4,0.5294117647058824,18007.0
0.00010001000100010001,0.4,0.5882352941176471,17883.0
0.00010001000100010001,0.4,0.6470588235294118,18862.0
0.00010001000100010001,0.4,0.7058823529411765,18608.0
0.00010001000100010001,0.4,0.7647058823529411,18380.0
0.00010001000100010001,0.4,0.8235294117647058,19434.0
0.00010001000100010001,0.4,0.8823529411764706,19199.0
0.00010001000100010001,0.4,0.9411764705882353,19203.0
0.00010001000100010001,0.4,1.0,19432.0
0.00010001000100010001,0.6,0.0,8602.2
0.00010001000100010001,0.6,0.058823529411764705,12513.0
0.00010001000100010001,0.6,0.11764705882352941,14814.0
0.00010001000100010001,0.6,0.17647058823529413,13608.0
0.00010001000100010001,0.6,0.23529411764705882,14505.0
0.00010001000100010001,0.6,0.29411764705882354,16542.0
0.00010001000100010001,0.6,0.35294117647058826,16129.0
0.00010001000100010001,0.6,0.4117647058823529,17221.0
0.00010001000100010001,0.6,0.47058823529411764,17995.0
0.00010001000100010001,0.6,0.5294117647058824,18969.0
0.00010001000100010001,0.6,0.5882352941176471,17455.0
0.00010001000100010001,0.6,0.6470588235294118,19018.0
0.00010001000100010001,0.6,0.7058823529411765,19090.0
0.00010001000100010001,0.6,0.7647058823529411,18913.0
0.00010001000100010001,0.6,0.8235294117647058,20094.0
0.00010001000100010001,0.6,0.8823529411764706,19321.0
0.00010001000100010001,0.6,0.9411764705882353,19333.0
0.00010001000100010001,0.6,1.0,19208.0
0.00010001000100010001,0.8,0.0,8853.8
0.00010001000100010001,0.8,0.058823529411764705,12244.0
0.00010001000100010001,0.8,0.11764705882352941,14911.0
0.00010001000100010001,0.8,0.17647058823529413,15386.0
0.00010001000100010001,0.8,0.23529411764705882,15624.0
0.00010001000100010001,0.8,0.29411764705882354,15345.0
0.00010001000100010001,0.8,0.35294117647058826,16456.0
0.00010001000100010001,0.8,0.4117647058823529,16596.0
0.00010001000100010001,0.8,0.47058823529411764,17453.0
0.00010001000100010001,0.8,0.5294117647058824,17943.0
0.00010001000100010001,0.8,0.5882352941176471,18073.0
0.00010001000100010001,0.8,0.6470588235294118,17881.0
0.00010001000100010001,0.8,0.7058823529411765,18751.0
0.00010001000100010001,0.8,0.7647058823529411,18567.0
0.00010001000100010001,0.8,0.8235294117647058,19421.0
0.00010001000100010001,0.8,0.8823529411764706,18652.0
0.00010001000100010001,0.8,0.9411764705882353,20209.0
0.00010001000100010001,0.8,1.0,19959.0
0.00010001000100010001,1.0,0.0,8800.9
0.00010001000100010001,1.0,0.058823529411764705,12617.0
0.00010001000100010001,1.0,0.11764705882352941,14421.0
0.00010001000100010001,1.0,0.17647058823529413,14834.0
0.00010001000100010001,1.0,0.23529411764705882,15850.0
0.00010001000100010001,1.0,0.29411764705882354,16530.0
0.00010001000100010001,1.0,0.35294117647058826,16515.0
0.00010001000100010001,1.0,0.4117647058823529,17343.0
0.00010001000100010001,1.0,0.47058823529411764,18191.0
0.00010001000100010001,1.0,0.5294117647058824,19480.0
0.00010001000100010001,1.0,0.5882352941176471,18076.0
0.00010001000100010001,1.0,0.6470588235294118,19354.0
0.00010001000100010001,1.0,0.7058823529411765,19893.0
0.00010001000100010001,1.0,0.7647058823529411,18865.0
0.00010001000100010001,1.0,0.8235294117647058,20164.0
0.00010001000100010001,1.0,0.8823529411764706,19422.0
0.00010001000100010001,1.0,0.9411764705882353,21842.0
0.00010001000100010001,1.0,1.0,18139.0
0.00020002000200020003,0.0,0.0,8220.5
0.00020002000200020003,0.0,0.058823529411764705,12297.0
0.00020002000200020003,0.0,0.11764705882352941,12566.0
0.00020002000200020003,0.0,0.17647058823529413,12158.0
0.00020002000200020003,0.0,0.23529411764705882,14633.0
0.00020002000200020003,0.0,0.29411764705882354,12046.0
0.00020002000200020003,0.0,0.35294117647058826,12308.0
0.00020002000200020003,0.0,0.4117647058823529,14672.0
0.00020002000200020003,0.0,0.47058823529411764,13297.0
0.00020002000200020003,0.0,0.5294117647058824,14066.0
0.00020002000200020003,0.0,0.5882352941176471,15143.0
0.00020002000200020003,0.0,0.6470588235294118,13273.0
0.00020002000200020003,0.0,0.7058823529411765,13984.0
0.00020002000200020003,0.0,0.7647058823529411,16371.0
0.00020002000200020003,0.0,0.8235294117647058,14704.0
0.00020002000200020003,0.0,0.8823529411764706,12693.0
0.00020002000200020003,0.0,0.9411764705882353,18214.0
0.00020002000200020003,0.0,1.0,14088.0
0.00020002000200020003,0.2,0.0,8807.9
0.00020002000200020003,0.2,0.058823529411764705,12331.0
0.00020002000200020003,0.2,0.11764705882352941,12472.0
0.00020002000200020003,0.2,0.17647058823529413,15170.0
0.00020002000200020003,0.2,0.23529411764705882,15828.0
0.00020002000200020003,0.2,0.29411764705882354,15182.0
0.00020002000200020003,0.2,0.35294117647058826,16035.0
0.00020002000200020003,0.2,0.4117647058823529,17097.0
0.00020002000200020003,0.2,0.47058823529411764,15911.0
0.00020002000200020003,0.2,0.5294117647058824,17240.0
0.00020002000200020003,0.2,0.5882352941176471,17616.0
0.00020002000200020003,0.2,0.6470588235294118,16383.0
0.00020002000200020003,0.2,0.7058823529411765,17653.0
0.00020002000200020003,0.2,0.7647058823529411,17518.0
0.00020002000200020003,0.2,0.8235294117647058,17707.0
0.00020002000200020003,0.2,0.8823529411764706,19593.0
0.00020002000200020003,0.2,0.9411764705882353,19555.0
0.00020002000200020003,0.2,1.0,17926.0
0.00020002000200020003,0.4,0.0,9017.3
0.00020002000200020003,0.4,0.058823529411764705,13119.0
0.00020002000200020003,0.4,0.11764705882352941,14959.0
0.00020002000200020003,0.4,0.17647058823529413,14548.0
0.00020002000200020003,0.4,0.23529411764705882,15029.0
0.00020002000200020003,0.4,0.29411764705882354,15827.0
0.00020002000200020003,0.4,0.35294117647058826,16580.0
0.00020002000200020003,0.4,0.4117647058823529,17085.0
0.00020002000200020003,0.4,0.47058823529411764,17656.0
0.00020002000200020003,0.4,0.5294117647058824,18421.0
0.00020002000200020003,0.4,0.5882352941176471,17772.0
0.00020002000200020003,0.4,0.6470588235294118,19040.0
0.00020002000200020003,0.4,0.7058823529411765,19845.0
0.00020002000200020003,0.4,0.7647058823529411,18144.0
0.00020002000200020003,0.4,0.8235294117647058,20971.0
0.00020002000200020003,0.4,0.8823529411764706,19103.0
0.00020002000200020003,0.4,0.9411764705882353,20360.0
0.00020002000200020003,0.4,1.0,19775.0
0.00020002000200020003,0.6,0.0,9137.1
0.00020002000200020003,0.6,0.058823529411764705,12591.0
0.00020002000200020003,0.6,0.11764705882352941,14792.0
0.00020002000200020003,0.6,0.17647058823529413,15613.0
0.00020002000200020003,0.6,0.23529411764705882,15856.0
0.00020002000200020003,0.6,0.29411764705882354,16214.0
0.00020002000200020003,0.6,0.35294117647058826,16355.0
0.00020002000200020003,0.6,0.4117647058823529,17333.0
0.00020002000200020003,0.6,0.47058823529411764,18002.0
0.00020002000200020003,0.6,0.5294117647058824,19287.0
0.00020002000200020003,0.6,0.5882352941176471,17715.0
0.00020002000200020003,0.6,0.6470588235294118,19536.0
0.00020002000200020003,0.6,0.7058823529411765,17653.0
0.00020002000200020003,0.6,0.7647058823529411,19116.0
0.00020002000200020003,0.6,0.8235294117647058,19353.0
0.00020002000200020003,0.6,0.8823529411764706,20035.0
0.00020002000200020003,0.6,0.9411764705882353,20636.0
0.00020002000200020003,0.6,1.0,19784.0
0.00020002000200020003,0.8,0.0,8928.5
0.00020002000200020003,0.8,0.058823529411764705,12773.0
0.00020002000200020003,0.8,0.11764705882352941,14910.0
0.00020002000200020003,0.8,0.17647058823529413,15312.0
0.00020002000200020003,0.8,0.23529411764705882,15810.0
0.00020002000200020003,0.8,0.29411764705882354,16402.0
0.00020002000200020003,0.8,0.35294117647058826,16846.0
0.00020002000200020003,0.8,0.4117647058823529,16913.0
0.00020002000200020003,0.8,0.47058823529411764,17888.0
0.00020002000200020003,0.8,0.5294117647058824,18636.0
0.00020002000200020003,0.8,0.5882352941176471,18177.0
0.00020002000200020003,0.8,0.6470588235294118,19548.0
0.00020002000200020003,0.8,0.7058823529411765,19162.0
0.00020002000200020003,0.8,0.7647058823529411,19311.0
0.00020002000200020003,0.8,0.8235294117647058,20593.0
0.00020002000200020003,0.8,0.8823529411764706,19967.0
0.00020002000200020003,0.8,0.9411764705882353,20674.0
0.00020002000200020003,0.8,1.0,20683.0
0.00020002000200020003,1.0,0.0,8326.6
0.00020002000200020003,1.0,0.058823529411764705,12603.0
0.00020002000200020003,1.0,0.11764705882352941,14618.0
0.00020002000200020003,1.0,0.17647058823529413,15466.0
0.00020002000200020003,1.0,0.23529411764705882,16059.0
0.00020002000200020003,1.0,0.29411764705882354,16526.0
0.00020002000200020003,1.0,0.35294117647058826,16084.0
0.00020002000200020003,1.0,0.4117647058823529,17687.0
0.00020002000200020003,1.0,0.47058823529411764,18400.0
0.00020002000200020003,1.0,0.5294117647058824,19187.0
0.00020002000200020003,1.0,0.5882352941176471,19227.0
0.00020002000200020003,1.0,0.6470588235294118,20070.0
0.00020002000200020003,1.0,0.7058823529411765,19814.0
0.00020002000200020003,1.0,0.7647058823529411,18948.0
0.00020002000200020003,1.0,0.8235294117647058,19391.0
0.00020002000200020003,1.0,0.8823529411764706,19563.0
0.00020002000200020003,1.0,0.9411764705882353,22060.0
0.00020002000200020003,1.0,1.0,21262.0
0.00030003000300030005,0.0,0.0,8823.4
0.00030003000300030005,0.0,0.058823529411764705,12185.0
0.00030003000300030005,0.0,0.11764705882352941,12938.0
0.00030003000300030005,0.0,0.17647058823529413,12029.0
0.00030003000300030005,0.0,0.23529411764705882,14879.0
0.00030003000300030005,0.0,0.29411764705882354,13797.0
0.00030003000300030005,0.0,0.35294117647058826,13781.0
0.00030003000300030005,0.0,0.4117647058823529,14252.0
0.00030003000300030005,0.0,0.47058823529411764,13562.0
0.00030003000300030005,0.0,0.5294117647058824,13889.0
0.00030003000300030005,0.0,0.5882352941176471,15581.0
0.00030003000300030005,0.0,0.6470588235294118,14072.0
0.00030003000300030005,0.0,0.7058823529411765,14385.0
0.00030003000300030005,0.0,0.7647058823529411,16755.0
0.00030003000300030005,0.0,0.8235294117647058,14354.0
0.00030003000300030005,0.0,0.8823529411764706,14891.0
0.00030003000300030005,0.0,0.9411764705882353,18081.0
0.00030003000300030005,0.0,1.0,14346.0
0.00030003000300030005,0.2,0.0,9228.7
0.00030003000300030005,0.2,0.058823529411764705,12491.0
0.00030003000300030005,0.2,0.11764705882352941,13479.0
0.00030003000300030005,0.2,0.17647058823529413,15091.0
0.00030003000300030005,0.2,0.23529411764705882,15360.0
0.00030003000300030005,0.2,0.29411764705882354,14720.0
0.00030003000300030005,0.2,0.35294117647058826,16783.0
0.00030003000300030005,0.2,0.4117647058823529,16881.0
0.00030003000300030005,0.2,0.47058823529411764,16004.0
0.00030003000300030005,0.2,0.5294117647058824,17799.0
0.00030003000300030005,0.2,0.5882352941176471,17917.0
0.00030003000300030005,0.2,0.6470588235294118,16121.0
0.00030003000300030005,0.2,0.7058823529411765,19047.0
0.00030003000300030005,0.2,0.7647058823529411,18417.0
0.00030003000300030005,0.2,0.8235294117647058,17926.0
0.00030003000300030005,0.2,0.8823529411764706,19167.0
0.00030003000300030005,0.2,0.9411764705882353,19510.0
0.00030003000300030005,0.2,1.0,17820.0
0.00030003000300030005,0.4,0.0,9356.2
0.00030003000300030005,0.4,0.058823529411764705,13013.0
0.00030003000300030005,0.4,0.11764705882352941,14984.0
0.00030003000300030005,0.4,0.17647058823529413,14536.0
0.00030003000300030005,0.4,0.23529411764705882,15654.0
0.00030003000300030005,0.4,0.29411764705882354,16283.0
0.00030003000300030005,0.4,0.35294117647058826,16810.0
0.00030003000300030005,0.4,0.4117647058823529,16950.0
0.00030003000300030005,0.4,0.47058823529411764,18216.0
0.00030003000300030005,0.4,0.5294117647058824,18983.0
0.00030003000300030005,0.4,0.5882352941176471,18561.0
0.00030003000300030005,0.4,0.6470588235294118,18441.0
0.00030003000300030005,0.4,0.7058823529411765,19103.0
0.00030003000300030005,0.4,0.7647058823529411,18268.0
0.00030003000300030005,0.4,0.8235294117647058,20030.0
0.00030003000300030005,0.4,0.8823529411764706,19030.0
0.00030003000300030005,0.4,0.9411764705882353,21605.0
0.00030003000300030005,0.4,1.0,20182.0
0.00030003000300030005,0.6,0.0,9527.2
0.00030003000300030005,0.6,0.058823529411764705,12203.0
0.00030003000300030005,0.6,0.11764705882352941,15042.0
0.00030003000300030005,0.6,0.17647058823529413,15290.0
0.00030003000300030005,0.6,0.23529411764705882,16262.0
0.00030003000300030005,0.6,0.29411764705882354,16210.0
0.00030003000300030005,0.6,0.35294117647058826,16742.0
0.00030003000300030005,0.6,0.4117647058823529,17659.0
0.00030003000300030005,0.6,0.47058823529411764,17973.0
0.00030003000300030005,0.6,0.5294117647058824,19050.0
0.00030003000300030005,0.6,0.5882352941176471,19209.0
0.00030003000300030005,0.6,0.6470588235294118,19112.0
0.00030003000300030005,0.6,0.7058823529411765,20134.0
0.00030003000300030005,0.6,0.7647058823529411,18605.0
0.00030003000300030005,0.6,0.8235294117647058,20582.0
0.00030003000300030005,0.6,0.8823529411764706,20060.0
0.00030003000300030005,0.6,0.9411764705882353,21687.0
0.00030003000300030005,0.6,1.0,20710.0
0.00030003000300030005,0.8,0.0,9560.1
0.00030003000300030005,0.8,0.058823529411764705,12668.0
0.00030003000300030005,0.8,0.11764705882352941,15110.0
0.00030003000300030005,0.8,0.17647058823529413,15404.0
0.00030003000300030005,0.8,0.23529411764705882,15577.0
0.00030003000300030005,0.8,0.29411764705882354,16918.0
0.00030003000300030005,0.8,0.35294117647058826,16961.0
0.00030003000300030005,0.8,0.4117647058823529,17204.0
0.00030003000300030005,0.8,0.47058823529411764,17479.0
0.00030003000300030005,0.8,0.5294117647058824,18873.0
0.00030003000300030005,0.8,0.5882352941176471,18227.0
0.00030003000300030005,0.8,0.6470588235294118,19633.0
0.00030003000300030005,0.8,0.7058823529411765,19578.0
0.00030003000300030005,0.8,0.7647058823529411,19639.0
0.00030003000300030005,0.8,0.8235294117647058,20916.0
0.00030003000300030005,0.8,0.8823529411764706,18676.0
0.00030003000300030005,0.8,0.9411764705882353,21488.0
0.00030003000300030005,0.8,1.0,20166.0
0.00030003000300030005,1.0,0.0,9039.4
0.00030003000300030005,1.0,0.058823529411764705,12779.0
0.00030003000300030005,1.0,0.11764705882352941,15333.0
0.00030003000300030005,1.0,0.17647058823529413,15648.0
0.00030003000300030005,1.0,0.23529411764705882,15741.0
0.00030003000300030005,1.0,0.29411764705882354,16253.0
0.00030003000300030005,1.0,0.35294117647058826,16851.0
0.00030003000300030005,1.0,0.4117647058823529,17559.0
0.00030003000300030005,1.0,0.47058823529411764,18203.0
0.00030003000300030005,1.0,0.5294117647058824,19479.0
0.00030003000300030005,1.0,0.5882352941176471,18891.0
0.00030003000300030005,1.0,0.6470588235294118,19705.0
0.00030003000300030005,1.0,0.7058823529411765,19942.0
0.00030003000300030005,1.0,0.7647058823529411,20253.0
0.00030003000300030005,1.0,0.8235294117647058,20591.0
0.00030003000300030005,1.0,0.8823529411764706,20451.0
0.00030003000300030005,1.0,0.9411764705882353,21629.0
0.00030003000300030005,1.0,1.0,21759.0
0.00040004000400040005,0.0,0.0,8785.9
0.00040004000400040005,0.0,0.058823529411764705,12419.0
0.00040004000400040005,0.0,0.11764705882352941,13658.0
0.00040004000400040005,0.0,0.17647058823529413,12359.0
0.00040004000400040005,0.0,0.23529411764705882,14485.0
0.00040004000400040005,0.0,0.29411764705882354,13256.0
0.00040004000400040005,0.0,0.35294117647058826,13024.0
0.00040004000400040005,0.0,0.4117647058823529,15183.0
0.00040004000400040005,0.0,0.47058823529411764,14224.0
0.00040004000400040005,0.0,0.5294117647058824,14443.0
0.00040004000400040005,0.0,0.5882352941176471,16926.0
0.00040004000400040005,0.0,0.6470588235294118,14978.0
0.00040004000400040005,0.0,0.7058823529411765,14360.0
0.00040004000400040005,0.0,0.7647058823529411,16427.0
0.00040004000400040005,0.0,0.8235294117647058,14763.0
0.00040004000400040005,0.0,0.8823529411764706,14622.0
0.00040004000400040005,0.0,0.9411764705882353,17414.0
0.00040004000400040005,0.0,1.0,14336.0
0.00040004000400040005,0.2,0.0,9314.4
0.00040004000400040005,0.2,0.058823529411764705,13222.0
0.00040004000400040005,0.2,0.11764705882352941,13744.0
0.00040004000400040005,0.2,0.17647058823529413,14860.0
0.00040004000400040005,0.2,0.23529411764705882,15612.0
0.00040004000400040005,0.2,0.29411764705882354,14275.0
0.00040004000400040005,0.2,0.35294117647058826,16747.0
0.00040004000400040005,0.2,0.4117647058823529,16081.0
0.00040004000400040005,0.2,0.47058823529411764,16802.0
0.00040004000400040005,0.2,0.5294117647058824,18282.0
0.00040004000400040005,0.2,0.5882352941176471,17492.0
0.00040004000400040005,0.2,0.6470588235294118,17249.0
0.00040004000400040005,0.2,0.7058823529411765,19214.0
0.00040004000400040005,0.2,0.7647058823529411,18624.0
0.00040004000400040005,0.2,0.8235294117647058,17585.0
0.00040004000400040005,0.2,0.8823529411764706,19702.0
0.00040004000400040005,0.2,0.9411764705882353,19847.0
0.00040004000400040005,0.2,1.0,17639.0
0.00040004000400040005,0.4,0.0,9461.5
0.00040004000400040005,0.4,0.058823529411764705,12760.0
0.00040004000400040005,0.4,0.11764705882352941,15168.0
0.00040004000400040005,0.4,0.17647058823529413,15676.0
0.00040004000400040005,0.4,0.23529411764705882,16101.0
0.00040004000400040005,0.4,0.29411764705882354,16482.0
0.00040004000400040005,0.4,0.35294117647058826,16631.0
0.00040004000400040005,0.4,0.4117647058823529,17673.0
0.00040004000400040005,0.4,0.47058823529411764,18218.0
0.00040004000400040005,0.4,0.5294117647058824,18616.0
0.00040004000400040005,0.4,0.5882352941176471,18113.0
0.00040004000400040005,0.4,0.6470588235294118,19289.0
0.00040004000400040005,0.4,0.7058823529411765,18910.0
0.00040004000400040005,0.4,0.7647058823529411,18353.0
0.00040004000400040005,0.4,0.8235294117647058,20419.0
0.00040004000400040005,0.4,0.8823529411764706,19893.0
0.00040004000400040005,0.4,0.9411764705882353,22391.0
0.00040004000400040005,0.4,1.0,19428.0
0.00040004000400040005,0.6,0.0,9285.2
0.00040004000400040005,0.6,0.058823529411764705,12743.0
0.00040004000400040005,0.6,0.11764705882352941,15186.0
0.00040004000400040005,0.6,0.17647058823529413,15607.0
0.00040004000400040005,0.6,0.23529411764705882,15775.0
0.00040004000400040005,0.6,0.29411764705882354,16490.0
0.00040004000400040005,0.6,0.35294117647058826,17128.0
0.00040004000400040005,0.6,0.4117647058823529,17993.0
0.00040004000400040005,0.6,0.47058823529411764,18056.0
0.00040004000400040005,0.6,0.5294117647058824,18996.0
0.00040004000400040005,0.6,0.5882352941176471,18231.0
0.00040004000400040005,0.6,0.6470588235294118,19001.0
0.00040004000400040005,0.6,0.7058823529411765,19623.0
0.00040004000400040005,0.6,0.7647058823529411,19247.0
0.00040004000400040005,0.6,0.8235294117647058,20414.0
0.00040004000400040005,0.6,0.8823529411764706,19379.0
0.00040004000400040005,0.6,0.9411764705882353,21595.0
0.00040004000400040005,0.6,1.0,21155.0
0.00040004000400040005,0.8,0.0,9270.5
0.00040004000400040005,0.8,0.058823529411764705,12719.0
0.00040004000400040005,0.8,0.11764705882352941,15595.0
0.00040004000400040005,0.8,0.17647058823529413,15676.0
0.00040004000400040005,0.8,0.23529411764705882,16032.0
0.00040004000400040005,0.8,0.29411764705882354,16195.0
0.00040004000400040005,0.8,0.35294117647058826,17570.0
0.00040004000400040005,0.8,0.4117647058823529,17449.0
0.00040004000400040005,0.8,0.47058823529411764,18204.0
0.00040004000400040005,0.8,0.5294117647058824,20077.0
0.00040004000400040005,0.8,0.5882352941176471,19349.0
0.00040004000400040005,0.8,0.6470588235294118,19529.0
0.00040004000400040005,0.8,0.7058823529411765,20216.0
0.00040004000400040005,0.8,0.7647058823529411,19144.0
0.00040004000400040005,0.8,0.8235294117647058,20974.0
0.00040004000400040005,0.8,0.8823529411764706,19334.0
0.00040004000400040005,0.8,0.9411764705882353,22298.0
0.00040004000400040005,0.8,1.0,21489.0
0.00040004000400040005,1.0,0.0,9361.5
0.00040004000400040005,1.0,0.058823529411764705,12995.0
0.00040004000400040005,1.0,0.11764705882352941,15180.0
0.00040004000400040005,1.0,0.17647058823529413,16099.0
0.00040004000400040005,1.0,0.23529411764705882,16610.0
0.00040004000400040005,1.0,0.29411764705882354,16554.0
0.00040004000400040005,1.0,0.35294117647058826,17031.0
0.00040004000400040005,1.0,0.4117647058823529,17760.0
0.00040004000400040005,1.0,0.47058823529411764,18926.0
0.00040004000400040005,1.0,0.5294117647058824,20159.0
0.00040004000400040005,1.0,0.5882352941176471,19565.0
0.00040004000400040005,1.0,0.6470588235294118,20435.0
0.00040004000400040005,1.0,0.7058823529411765,19954.0
0.00040004000400040005,1.0,0.7647058823529411,19500.0
0.00040004000400040005,1.0,0.8235294117647058,20572.0
0.00040004000400040005,1.0,0.8823529411764706,19756.0
0.00040004000400040005,1.0,0.9411764705882353,21412.0
0.00040004000400040005,1.0,1.0,21822.0
0.0005000500050005,0.0,0.0,9179.4
0.0005000500050005,0.0,0.058823529411764705,11633.0
0.0005000500050005,0.0,0.11764705882352941,13805.0
0.0005000500050005,0.0,0.17647058823529413,12759.0
0.0005000500050005,0.0,0.23529411764705882,14072.0
0.0005000500050005,0.0,0.29411764705882354,12687.0
0.0005000500050005,0.0,0.35294117647058826,13847.0
0.0005000500050005,0.0,0.4117647058823529,15459.0
0.0005000500050005,0.0,0.47058823529411764,14161.0
0.0005000500050005,0.0,0.5294117647058824,13771.0
0.0005000500050005,0.0,0.5882352941176471,15407.0
0.0005000500050005,0.0,0.6470588235294118,13749.0
0.0005000500050005,0.0,0.7058823529411765,14391.0
0.0005000500050005,0.0,0.7647058823529411,16840.0
0.0005000500050005,0.0,0.8235294117647058,15014.0
0.0005000500050005,0.0,0.8823529411764706,14237.0
0.0005000500050005,0.0,0.9411764705882353,17818.0
0.0005000500050005,0.0,1.0,14273.0
0.0005000500050005,0.2,0.0,9114.0
0.0005000500050005,0.2,0.058823529411764705,12414.0
0.0005000500050005,0.2,0.11764705882352941,13566.0
0.0005000500050005,0.2,0.17647058823529413,15164.0
0.0005000500050005,0.2,0.23529411764705882,15739.0
0.0005000500050005,0.2,0.29411764705882354,14991.0
0.0005000500050005,0.2,0.35294117647058826,16818.0
0.0005000500050005,0.2,0.4117647058823529,17107.0
0.0005000500050005,0.2,0.47058823529411764,16277.0
0.0005000500050005,0.2,0.5294117647058824,18559.0
0.0005000500050005,0.2,0.5882352941176471,17694.0
0.0005000500050005,0.2,0.6470588235294118,16895.0
0.0005000500050005,0.2,0.7058823529411765,19408.0
0.0005000500050005,0.2,0.7647058823529411,18113.0
0.0005000500050005,0.2,0.8235294117647058,18242.0
0.0005000500050005,0.2,0.8823529411764706,19615.0
0.0005000500050005,0.2,0.9411764705882353,20425.0
0.0005000500050005,0.2,1.0,17707.0
0.0005000500050005,0.4,0.0,9943.0
0.0005000500050005,0.4,0.058823529411764705,12609.0
0.0005000500050005,0.4,0.11764705882352941,14404.0
0.0005000500050005,0.4,0.17647058823529413,15492.0
0.0005000500050005,0.4,0.23529411764705882,16033.0
0.0005000500050005,0.4,0.29411764705882354,16480.0
0.0005000500050005,0.4,0.35294117647058826,17164.0
0.0005000500050005,0.4,0.4117647058823529,17696.0
0.0005000500050005,0.4,0.47058823529411764,18325.0
0.0005000500050005,0.4,0.5294117647058824,18746.0
0.0005000500050005,0.4,0.5882352941176471,18655.0
0.0005000500050005,0.4,0.6470588235294118,19373.0
0.0005000500050005,0.4,0.7058823529411765,19780.0
0.0005000500050005,0.4,0.7647058823529411,19247.0
0.0005000500050005,0.4,0.8235294117647058,19994.0
0.0005000500050005,0.4,0.8823529411764706,19435.0
0.0005000500050005,0.4,0.9411764705882353,20371.0
0.0005000500050005,0.4,1.0,20402.0
0.0005000500050005,0.6,0.0,8935.8
0.0005000500050005,0.6,0.058823529411764705,12985.0
0.0005000500050005,0.6,0.11764705882352941,14833.0
0.0005000500050005,0.6,0.17647058823529413,15740.0
0.0005000500050005,0.6,0.23529411764705882,16512.0
0.0005000500050005,0.6,0.29411764705882354,16674.0
0.0005000500050005,0.6,0.35294117647058826,16280.0
0.0005000500050005,0.6,0.4117647058823529,16981.0
0.0005000500050005,0.6,0.47058823529411764,18031.0
0.0005000500050005,0.6,0.5294117647058824,19286.0
0.0005000500050005,0.6,0.5882352941176471,18674.0
0.0005000500050005,0.6,0.6470588235294118,19414.0
0.0005000500050005,0.6,0.7058823529411765,19498.0
0.0005000500050005,0.6,0.7647058823529411,18883.0
0.0005000500050005,0.6,0.8235294117647058,20326.0
0.0005000500050005,0.6,0.8823529411764706,20350.0
0.0005000500050005,0.6,0.9411764705882353,21302.0
0.0005000500050005,0.6,1.0,20106.0
0.0005000500050005,0.8,0.0,9999.3
0.0005000500050005,0.8,0.058823529411764705,13709.0
0.0005000500050005,0.8,0.11764705882352941,15659.0
0.0005000500050005,0.8,0.17647058823529413,15472.0
0.0005000500050005,0.8,0.23529411764705882,15831.0
0.0005000500050005,0.8,0.29411764705882354,15530.0
0.0005000500050005,0.8,0.35294117647058826,17520.0
0.0005000500050005,0.8,0.4117647058823529,17245.0
0.0005000500050005,0.8,0.47058823529411764,18479.0
0.0005000500050005,0.8,0.5294117647058824,20095.0
0.0005000500050005,0.8,0.5882352941176471,19788.0
0.0005000500050005,0.8,0.6470588235294118,19148.0
0.0005000500050005,0.8,0.7058823529411765,19531.0
0.0005000500050005,0.8,0.7647058823529411,19236.0
0.0005000500050005,0.8,0.8235294117647058,21082.0
0.0005000500050005,0.8,0.8823529411764706,19668.0
0.0005000500050005,0.8,0.9411764705882353,21433.0
0.0005000500050005,0.8,1.0,21684.0
0.0005000500050005,1.0,0.0,9523.8
0.0005000500050005,1.0,0.058823529411764705,13653.0
0.0005000500050005,1.0,0.11764705882352941,15529.0
0.0005000500050005,1.0,0.17647058823529413,15688.0
0.0005000500050005,1.0,0.23529411764705882,16197.0
0.0005000500050005,1.0,0.29411764705882354,16882.0
0.0005000500050005,1.0,0.35294117647058826,17261.0
0.0005000500050005,1.0,0.4117647058823529,17602.0
0.0005000500050005,1.0,0.47058823529411764,17727.0
0.0005000500050005,1.0,0.5294117647058824,19108.0
0.0005000500050005,1.0,0.5882352941176471,19495.0
0.0005000500050005,1.0,0.6470588235294118,20038.0
0.0005000500050005,1.0,0.7058823529411765,19892.0
0.0005000500050005,1.0,0.7647058823529411,20259.0
0.0005000500050005,1.0,0.8235294117647058,21412.0
0.0005000500050005,1.0,0.8823529411764706,21221.0
0.0005000500050005,1.0,0.9411764705882353,22255.0
0.0005000500050005,1.0,1.0,20909.0
0.0006000600060006001,0.0,0.0,8941.5
0.0006000600060006001,0.0,0.058823529411764705,12715.0
0.0006000600060006001,0.0,0.11764705882352941,13816.0
0.0006000600060006001,0.0,0.17647058823529413,12233.0
0.0006000600060006001,0.0,0.23529411764705882,13982.0
0.0006000600060006001,0.0,0.29411764705882354,13429.0
0.0006000600060006001,0.0,0.35294117647058826,13422.0
0.0006000600060006001,0.0,0.4117647058823529,15818.0
0.0006000600060006001,0.0,0.47058823529411764,14009.0
0.0006000600060006001,0.0,0.5294117647058824,14214.0
0.0006000600060006001,0.0,0.5882352941176471,17033.0
0.0006000600060006001,0.0,0.6470588235294118,13775.0
0.0006000600060006001,0.0,0.7058823529411765,14269.0
0.0006000600060006001,0.0,0.7647058823529411,17703.0
0.0006000600060006001,0.0,0.8235294117647058,13955.0
0.0006000600060006001,0.0,0.8823529411764706,14295.0
0.0006000600060006001,0.0,0.9411764705882353,19227.0
0.0006000600060006001,0.0,1.0,14198.0
0.0006000600060006001,0.2,0.0,9294.6
0.0006000600060006001,0.2,0.058823529411764705,12429.0
0.0006000600060006001,0.2,0.11764705882352941,14373.0
0.0006000600060006001,0.2,0.17647058823529413,15370.0
0.0006000600060006001,0.2,0.23529411764705882,14956.0
0.0006000600060006001,0.2,0.29411764705882354,15781.0
0.0006000600060006001,0.2,0.35294117647058826,16165.0
0.0006000600060006001,0.2,0.4117647058823529,17097.0
0.0006000600060006001,0.2,0.47058823529411764,16159.0
0.0006000600060006001,0.2,0.5294117647058824,18753.0
0.0006000600060006001,0.2,0.5882352941176471,18081.0
0.0006000600060006001,0.2,0.6470588235294118,17471.0
0.0006000600060006001,0.2,0.7058823529411765,19275.0
0.0006000600060006001,0.2,0.7647058823529411,17959.0
0.0006000600060006001,0.2,0.8235294117647058,18042.0
0.0006000600060006001,0.2,0.8823529411764706,20669.0
0.0006000600060006001,0.2,0.9411764705882353,20673.0
0.0006000600060006001,0.2,1.0,17662.0
0.0006000600060006001,0.4,0.0,9545.5
0.0006000600060006001,0.4,0.058823529411764705,12993.0
0.0006000600060006001,0.4,0.11764705882352941,15295.0
0.0006000600060006001,0.4,0.17647058823529413,15222.0
0.0006000600060006001,0.4,0.23529411764705882,16290.0
0.0006000600060006001,0.4,0.29411764705882354,16835.0
0.0006000600060006001,0.4,0.35294117647058826,17098.0
0.0006000600060006001,0.4,0.4117647058823529,17395.0
0.0006000600060006001,0.4,0.47058823529411764,18581.0
0.0006000600060006001,0.4,0.5294117647058824,18560.0
0.0006000600060006001,0.4,0.5882352941176471,18362.0
0.0006000600060006001,0.4,0.6470588235294118,19484.0
0.0006000600060006001,0.4,0.7058823529411765,19717.0
0.0006000600060006001,0.4,0.7647058823529411,18691.0
0.0006000600060006001,0.4,0.8235294117647058,20757.0
0.0006000600060006001,0.4,0.8823529411764706,20476.0
0.0006000600060006001,0.4,0.9411764705882353,22119.0
0.0006000600060006001,0.4,1.0,21044.0
0.0006000600060006001,0.6,0.0,9806.9
0.0006000600060006001,0.6,0.058823529411764705,13336.0
0.0006000600060006001,0.6,0.11764705882352941,15573.0
0.0006000600060006001,0.6,0.17647058823529413,16347.0
0.0006000600060006001,0.6,0.23529411764705882,16245.0
0.0006000600060006001,0.6,0.29411764705882354,17112.0
0.0006000600060006001,0.6,0.35294117647058826,16671.0
0.0006000600060006001,0.6,0.4117647058823529,17128.0
0.0006000600060006001,0.6,0.47058823529411764,17595.0
0.0006000600060006001,0.6,0.5294117647058824,19459.0
0.0006000600060006001,0.6,0.5882352941176471,19619.0
0.0006000600060006001,0.6,0.6470588235294118,19658.0
0.0006000600060006001,0.6,0.7058823529411765,20307.0
0.0006000600060006001,0.6,0.7647058823529411,19196.0
0.0006000600060006001,0.6,0.8235294117647058,20288.0
0.0006000600060006001,0.6,0.8823529411764706,19656.0
0.0006000600060006001,0.6,0.9411764705882353,21406.0
0.0006000600060006001,0.6,1.0,21293.0
0.0006000600060006001,0.8,0.0,9911.0
0.0006000600060006001,0.8,0.058823529411764705,13210.0
0.0006000600060006001,0.8,0.11764705882352941,15416.0
0.0006000600060006001,0.8,0.17647058823529413,15851.0
0.0006000600060006001,0.8,0.23529411764705882,15925.0
0.0006000600060006001,0.8,0.29411764705882354,16743.0
0.0006000600060006001,0.8,0.35294117647058826,17619.0
0.0006000600060006001,0.8,0.4117647058823529,17780.0
0.0006000600060006001,0.8,0.47058823529411764,17917.0
0.0006000600060006001,0.8,0.5294117647058824,18518.0
0.0006000600060006001,0.8,0.5882352941176471,18934.0
0.0006000600060006001,0.8,0.6470588235294118,20426.0
0.0006000600060006001,0.8,0.7058823529411765,20090.0
0.0006000600060006001,0.8,0.7647058823529411,18602.0
0.0006000600060006001,0.8,0.8235294117647058,20839.0
0.0006000600060006001,0.8,0.8823529411764706,20395.0
0.0006000600060006001,0.8,0.9411764705882353,21396.0
0.0006000600060006001,0.8,1.0,21285.0
0.0006000600060006001,1.0,0.0,9488.6
0.0006000600060006001,1.0,0.058823529411764705,13776.0
0.0006000600060006001,1.0,0.11764705882352941,15411.0
0.0006000600060006001,1.0,0.17647058823529413,16247.0
0.0006000600060006001,1.0,0.23529411764705882,16080.0
0.0006000600060006001,1.0,0.29411764705882354,16851.0
0.0006000600060006001,1.0,0.35294117647058826,17468.0
0.0006000600060006001,1.0,0.4117647058823529,17943.0
0.0006000600060006001,1.0,0.47058823529411764,18573.0
0.0006000600060006001,1.0,0.5294117647058824,19514.0
0.0006000600060006001,1.0,0.5882352941176471,19409.0
0.0006000600060006001,1.0,0.6470588235294118,20069.0
0.0006000600060006001,1.0,0.7058823529411765,20802.0
0.0006000600060006001,1.0,0.7647058823529411,19884.0
0.0006000600060006001,1.0,0.8235294117647058,21385.0
0.0006000600060006001,1.0,0.8823529411764706,20405.0
0.0006000600060006001,1.0,0.9411764705882353,22171.0
0.0006000600060006001,1.0,1.0,21098.0
0.0007000700070007,0.0,0.0,8724.8
0.0007000700070007,0.0,0.058823529411764705,12467.0
0.0007000700070007,0.0,0.11764705882352941,12887.0
0.0007000700070007,0.0,0.17647058823529413,12864.0
0.0007000700070007,0.0,0.23529411764705882,14983.0
0.0007000700070007,0.0,0.29411764705882354,13287.0
0.0007000700070007,0.0,0.35294117647058826,13003.0
0.0007000700070007,0.0,0.4117647058823529,16179.0
0.0007000700070007,0.0,0.47058823529411764,14181.0
0.0007000700070007,0.0,0.5294117647058824,15131.0
0.0007000700070007,0.0,0.5882352941176471,16861.0
0.0007000700070007,0.0,0.6470588235294118,14735.0
0.0007000700070007,0.0,0.7058823529411765,15152.0
0.0007000700070007,0.0,0.7647058823529411,17062.0
0.0007000700070007,0.0,0.8235294117647058,14442.0
0.0007000700070007,0.0,0.8823529411764706,14363.0
0.0007000700070007,0.0,0.9411764705882353,19303.0
0.0007000700070007,0.0,1.0,13997.0
0.0007000700070007,0.2,0.0,9215.1
0.0007000700070007,0.2,0.058823529411764705,13030.0
0.0007000700070007,0.2,0.11764705882352941,14062.0
0.0007000700070007,0.2,0.17647058823529413,15248.0
0.0007000700070007,0.2,0.23529411764705882,16060.0
0.0007000700070007,0.2,0.29411764705882354,15545.0
0.0007000700070007,0.2,0.35294117647058826,17067.0
0.0007000700070007,0.2,0.4117647058823529,16770.0
0.0007000700070007,0.2,0.47058823529411764,16869.0
0.0007000700070007,0.2,0.5294117647058824,18706.0
0.0007000700070007,0.2,0.5882352941176471,18609.0
0.0007000700070007,0.2,0.6470588235294118,17870.0
0.0007000700070007,0.2,0.7058823529411765,19200.0
0.0007000700070007,0.2,0.7647058823529411,18744.0
0.0007000700070007,0.2,0.8235294117647058,17962.0
0.0007000700070007,0.2,0.8823529411764706,19953.0
0.0007000700070007,0.2,0.9411764705882353,19245.0
0.0007000700070007,0.2,1.0,18001.0
0.0007000700070007,0.4,0.0,9996.4
0.0007000700070007,0.4,0.058823529411764705,13259.0
0.0007000700070007,0.4,0.11764705882352941,15210.0
0.0007000700070007,0.4,0.17647058823529413,15661.0
0.0007000700070007,0.4,0.23529411764705882,16742.0
0.0007000700070007,0.4,0.29411764705882354,16310.0
0.0007000700070007,0.4,0.35294117647058826,17044.0
0.0007000700070007,0.4,0.4117647058823529,17876.0
0.0007000700070007,0.4,0.47058823529411764,18424.0
0.0007000700070007,0.4,0.5294117647058824,18431.0
0.0007000700070007,0.4,0.5882352941176471,19251.0
0.0007000700070007,0.4,0.6470588235294118,20028.0
0.0007000700070007,0.4,0.7058823529411765,20017.0
0.0007000700070007,0.4,0.7647058823529411,19424.0
0.0007000700070007,0.4,0.8235294117647058,20591.0
0.0007000700070007,0.4,0.8823529411764706,19473.0
0.0007000700070007,0.4,0.9411764705882353,21004.0
0.0007000700070007,0.4,1.0,20694.0
0.0007000700070007,0.6,0.0,9611.9
0.0007000700070007,0.6,0.058823529411764705,12539.0
0.0007000700070007,0.6,0.11764705882352941,15841.0
0.0007000700070007,0.6,0.17647058823529413,16226.0
0.0007000700070007,0.6,0.23529411764705882,16945.0
0.0007000700070007,0.6,0.29411764705882354,16367.0
0.0007000700070007,0.6,0.35294117647058826,17134.0
0.0007000700070007,0.6,0.4117647058823529,17532.0
0.0007000700070007,0.6,0.47058823529411764,18960.0
0.0007000700070007,0.6,0.5294117647058824,19286.0
0.0007000700070007,0.6,0.5882352941176471,18754.0
0.0007000700070007,0.6,0.6470588235294118,20574.0
0.0007000700070007,0.6,0.7058823529411765,19675.0
0.0007000700070007,0.6,0.7647058823529411,19128.0
0.0007000700070007,0.6,0.8235294117647058,21201.0
0.0007000700070007,0.6,0.8823529411764706,19698.0
0.0007000700070007,0.6,0.9411764705882353,21847.0
0.0007000700070007,0.6,1.0,20500.0
0.0007000700070007,0.8,0.0,9101.3
0.0007000700070007,0.8,0.058823529411764705,13363.0
0.0007000700070007,0.8,0.11764705882352941,16116.0
0.0007000700070007,0.8,0.17647058823529413,16335.0
0.0007000700070007,0.8,0.23529411764705882,16135.0
0.0007000700070007,0.8,0.29411764705882354,15912.0
0.0007000700070007,0.8,0.35294117647058826,17365.0
0.0007000700070007,0.8,0.4117647058823529,17647.0
0.0007000700070007,0.8,0.47058823529411764,18941.0
0.0007000700070007,0.8,0.5294117647058824,19032.0
0.0007000700070007,0.8,0.5882352941176471,19579.0
0.0007000700070007,0.8,0.6470588235294118,19777.0
0.0007000700070007,0.8,0.7058823529411765,20863.0
0.0007000700070007,0.8,0.7647058823529411,19344.0
0.0007000700070007,0.8,0.8235294117647058,20649.0
0.0007000700070007,0.8,0.8823529411764706,19439.0
0.0007000700070007,0.8,0.9411764705882353,21828.0
0.0007000700070007,0.8,1.0,20587.0
0.0007000700070007,1.0,0.0,9805.8
0.0007000700070007,1.0,0.058823529411764705,13460.0
0.0007000700070007,1.0,0.11764705882352941,16004.0
0.0007000700070007,1.0,0.17647058823529413,16268.0
0.0007000700070007,1.0,0.23529411764705882,16973.0
0.0007000700070007,1.0,0.29411764705882354,16913.0
0.0007000700070007,1.0,0.35294117647058826,17306.0
0.0007000700070007,1.0,0.4117647058823529,17809.0
0.0007000700070007,1.0,0.47058823529411764,19047.0
0.0007000700070007,1.0,0.5294117647058824,18971.0
0.0007000700070007,1.0,0.5882352941176471,19933.0
0.0007000700070007,1.0,0.6470588235294118,20300.0
0.0007000700070007,1.0,0.7058823529411765,20710.0
0.0007000700070007,1.0,0.7647058823529411,19744.0
0.0007000700070007,1.0,0.8235294117647058,21615.0
0.0007000700070007,1.0,0.8823529411764706,21178.0
0.0007000700070007,1.0,0.9411764705882353,22887.0
0.0007000700070007,1.0,1.0,22323.0
0.0008000800080008001,0.0,0.0,9038.4
0.0008000800080008001,0.0,0.058823529411764705,12958.0
0.0008000800080008001,0.0,0.11764705882352941,13217.0
0.0008000800080008001,0.0,0.17647058823529413,12969.0
0.0008000800080008001,0.0,0.23529411764705882,15014.0
0.0008000800080008001,0.0,0.29411764705882354,14432.0
0.0008000800080008001,0.0,0.35294117647058826,13780.0
0.0008000800080008001,0.0,0.4117647058823529,16708.0
0.0008000800080008001,0.0,0.47058823529411764,13854.0
0.0008000800080008001,0.0,0.5294117647058824,14253.0
0.0008000800080008001,0.0,0.5882352941176471,17740.0
0.0008000800080008001,0.0,0.6470588235294118,14153.0
0.0008000800080008001,0.0,0.7058823529411765,14237.0
0.0008000800080008001,0.0,0.7647058823529411,17554.0
0.0008000800080008001,0.0,0.8235294117647058,15548.0
0.0008000800080008001,0.0,0.8823529411764706,14631.0
0.0008000800080008001,0.0,0.9411764705882353,18035.0
0.0008000800080008001,0.0,1.0,15193.0
0.0008000800080008001,0.2,0.0,9119.2
0.0008000800080008001,0.2,0.058823529411764705,13621.0
0.0008000800080008001,0.2,0.11764705882352941,13946.0
0.0008000800080008001,0.2,0.17647058823529413,15208.0
0.0008000800080008001,0.2,0.23529411764705882,15337.0
0.0008000800080008001,0.2,0.29411764705882354,15580.0
0.0008000800080008001,0.2,0.35294117647058826,15720.0
0.0008000800080008001,0.2,0.4117647058823529,17610.0
0.0008000800080008001,0.2,0.47058823529411764,15836.0
0.0008000800080008001,0.2,0.5294117647058824,18028.0
0.0008000800080008001,0.2,0.5882352941176471,18044.0
0.0008000800080008001,0.2,0.6470588235294118,17827.0
0.0008000800080008001,0.2,0.7058823529411765,19210.0
0.0008000800080008001,0.2,0.7647058823529411,19128.0
0.0008000800080008001,0.2,0.8235294117647058,17953.0
0.0008000800080008001,0.2,0.8823529411764706,19705.0
0.0008000800080008001,0.2,0.9411764705882353,20515.0
0.0008000800080008001,0.2,1.0,17834.0
0.0008000800080008001,0.4,0.0,9865.6
0.0008000800080008001,0.4,0.058823529411764705,13232.0
0.0008000800080008001,0.4,0.11764705882352941,15559.0
0.0008000800080008001,0.4,0.17647058823529413,15909.0
0.0008000800080008001,0.4,0.23529411764705882,16556.0
0.0008000800080008001,0.4,0.29411764705882354,17466.0
0.0008000800080008001,0.4,0.35294117647058826,17323.0
0.0008000800080008001,0.4,0.4117647058823529,17857.0
0.0008000800080008001,0.4,0.47058823529411764,18594.0
0.0008000800080008001,0.4,0.5294117647058824,20246.0
0.0008000800080008001,0.4,0.5882352941176471,19562.0
0.0008000800080008001,0.4,0.6470588235294118,20720.0
0.0008000800080008001,0.4,0.7058823529411765,19623.0
0.0008000800080008001,0.4,0.7647058823529411,19530.0
0.0008000800080008001,0.4,0.8235294117647058,21126.0
0.0008000800080008001,0.4,0.8823529411764706,20945.0
0.0008000800080008001,0.4,0.9411764705882353,22430.0
0.0008000800080008001,0.4,1.0,21148.0
0.0008000800080008001,0.6,0.0,9792.8
0.0008000800080008001,0.6,0.058823529411764705,12555.0
0.0008000800080008001,0.6,0.11764705882352941,15361.0
0.0008000800080008001,0.6,0.17647058823529413,15472.0
0.0008000800080008001,0.6,0.23529411764705882,16296.0
0.0008000800080008001,0.6,0.29411764705882354,17268.0
0.0008000800080008001,0.6,0.35294117647058826,16573.0
0.0008000800080008001,0.6,0.4117647058823529,18238.0
0.0008000800080008001,0.6,0.47058823529411764,18358.0
0.0008000800080008001,0.6,0.5294117647058824,18579.0
0.0008000800080008001,0.6,0.5882352941176471,19424.0
0.0008000800080008001,0.6,0.6470588235294118,20231.0
0.0008000800080008001,0.6,0.7058823529411765,20225.0
0.0008000800080008001,0.6,0.7647058823529411,18716.0
0.0008000800080008001,0.6,0.8235294117647058,20460.0
0.0008000800080008001,0.6,0.8823529411764706,20019.0
0.0008000800080008001,0.6,0.9411764705882353,21317.0
0.0008000800080008001,0.6,1.0,21112.0
0.0008000800080008001,0.8,0.0,9977.5
0.0008000800080008001,0.8,0.058823529411764705,13537.0
0.0008000800080008001,0.8,0.11764705882352941,15596.0
0.0008000800080008001,0.8,0.17647058823529413,16427.0
0.0008000800080008001,0.8,0.23529411764705882,16561.0
0.0008000800080008001,0.8,0.29411764705882354,16927.0
0.0008000800080008001,0.8,0.35294117647058826,16390.0
0.0008000800080008001,0.8,0.4117647058823529,17788.0
0.0008000800080008001,0.8,0.47058823529411764,18515.0
0.0008000800080008001,0.8,0.5294117647058824,20071.0
0.0008000800080008001,0.8,0.5882352941176471,19176.0
0.0008000800080008001,0.8,0.6470588235294118,19708.0
0.0008000800080008001,0.8,0.7058823529411765,20223.0
0.0008000800080008001,0.8,0.7647058823529411,19464.0
0.0008000800080008001,0.8,0.8235294117647058,20818.0
0.0008000800080008001,0.8,0.8823529411764706,20168.0
0.0008000800080008001,0.8,0.9411764705882353,22419.0
0.0008000800080008001,0.8,1.0,20111.0
0.0008000800080008001,1.0,0.0,9685.8
0.0008000800080008001,1.0,0.058823529411764705,13645.0
0.0008000800080008001,1.0,0.11764705882352941,15837.0
0.0008000800080008001,1.0,0.17647058823529413,16336.0
0.0008000800080008001,1.0,0.23529411764705882,16678.0
0.0008000800080008001,1.0,0.29411764705882354,17239.0
0.0008000800080008001,1.0,0.35294117647058826,17840.0
0.0008000800080008001,1.0,0.4117647058823529,18180.0
0.0008000800080008001,1.0,0.47058823529411764,18139.0
0.0008000800080008001,1.0,0.5294117647058824,19502.0
0.0008000800080008001,1.0,0.5882352941176471,19893.0
0.0008000800080008001,1.0,0.6470588235294118,20852.0
0.0008000800080008001,1.0,0.7058823529411765,20492.0
0.0008000800080008001,1.0,0.7647058823529411,19284.0
0.0008000800080008001,1.0,0.8235294117647058,21237.0
0.0008000800080008001,1.0,0.8823529411764706,21176.0
0.0008000800080008001,1.0,0.9411764705882353,22799.0
0.0008000800080008001,1.0,1.0,22063.0
0.0009000900090009,0.0,0.0,8904.2
0.0009000900090009,0.0,0.058823529411764705,12554.0
0.0009000900090009,0.0,0.11764705882352941,13816.0
0.0009000900090009,0.0,0.17647058823529413,13309.0
0.0009000900090009,0.0,0.23529411764705882,14497.0
0.0009000900090009,0.0,0.29411764705882354,12490.0
0.0009000900090009,0.0,0.35294117647058826,13938.0
0.0009000900090009,0.0,0.4117647058823529,15960.0
0.0009000900090009,0.0,0.47058823529411764,13426.0
0.0009000900090009,0.0,0.5294117647058824,14225.0
0.0009000900090009,0.0,0.5882352941176471,16423.0
0.0009000900090009,0.0,0.6470588235294118,14151.0
0.0009000900090009,0.0,0.7058823529411765,14791.0
0.0009000900090009,0.0,0.7647058823529411,17349.0
0.0009000900090009,0.0,0.8235294117647058,14279.0
0.0009000900090009,0.0,0.8823529411764706,14224.0
0.0009000900090009,0.0,0.9411764705882353,18746.0
0.0009000900090009,0.0,1.0,15186.0
0.0009000900090009,0.2,0.0,9113.5
0.0009000900090009,0.2,0.058823529411764705,12349.0
0.0009000900090009,0.2,0.11764705882352941,14577.0
0.0009000900090009,0.2,0.17647058823529413,15810.0
0.0009000900090009,0.2,0.23529411764705882,16268.0
0.0009000900090009,0.2,0.29411764705882354,15517.0
0.0009000900090009,0.2,0.35294117647058826,16825.0
0.0009000900090009,0.2,0.4117647058823529,17456.0
0.0009000900090009,0.2,0.47058823529411764,17208.0
0.0009000900090009,0.2,0.5294117647058824,18941.0
0.0009000900090009,0.2,0.5882352941176471,18904.0
0.0009000900090009,0.2,0.6470588235294118,17303.0
0.0009000900090009,0.2,0.7058823529411765,19489.0
0.0009000900090009,0.2,0.7647058823529411,19955.0
0.0009000900090009,0.2,0.8235294117647058,18707.0
0.0009000900090009,0.2,0.8823529411764706,19697.0
0.0009000900090009,0.2,0.9411764705882353,20561.0
0.0009000900090009,0.2,1.0,17681.0
0.0009000900090009,0.4,0.0,10182.0
0.0009000900090009,0.4,0.058823529411764705,12344.0
0.0009000900090009,0.4,0.11764705882352941,15591.0
0.0009000900090009,0.4,0.17647058823529413,15512.0
0.0009000900090009,0.4,0.23529411764705882,15856.0
0.0009000900090009,0.4,0.29411764705882354,16763.0
0.0009000900090009,0.4,0.35294117647058826,16924.0
0.0009000900090009,0.4,0.4117647058823529,17823.0
0.0009000900090009,0.4,0.47058823529411764,19044.0
0.0009000900090009,0.4,0.5294117647058824,19847.0
0.0009000900090009,0.4,0.5882352941176471,19468.0
0.0009000900090009,0.4,0.6470588235294118,19457.0
0.0009000900090009,0.4,0.7058823529411765,19980.0
0.0009000900090009,0.4,0.7647058823529411,19013.0
0.0009000900090009,0.4,0.8235294117647058,20988.0
0.0009000900090009,0.4,0.8823529411764706,20317.0
0.0009000900090009,0.4,0.9411764705882353,21811.0
0.0009000900090009,0.4,1.0,21021.0
0.0009000900090009,0.6,0.0,9717.5
0.0009000900090009,0.6,0.058823529411764705,13128.0
0.0009000900090009,0.6,0.11764705882352941,15884.0
0.0009000900090009,0.6,0.17647058823529413,16618.0
0.0009000900090009,0.6,0.23529411764705882,17027.0
0.0009000900090009,0.6,0.29411764705882354,16733.0
0.0009000900090009,0.6,0.35294117647058826,17472.0
0.0009000900090009,0.6,0.4117647058823529,17966.0
0.0009000900090009,0.6,0.47058823529411764,18797.0
0.0009000900090009,0.6,0.5294117647058824,19437.0
0.0009000900090009,0.6,0.5882352941176471,18628.0
0.0009000900090009,0.6,0.6470588235294118,19995.0
0.0009000900090009,0.6,0.7058823529411765,20833.0
0.0009000900090009,0.6,0.7647058823529411,18964.0
0.0009000900090009,0.6,0.8235294117647058,22101.0
0.0009000900090009,0.6,0.8823529411764706,20584.0
0.0009000900090009,0.6,0.9411764705882353,21975.0
0.0009000900090009,0.6,1.0,21246.0
0.0009000900090009,0.8,0.0,9671.6
0.0009000900090009,0.8,0.058823529411764705,13170.0
0.0009000900090009,0.8,0.11764705882352941,15861.0
0.0009000900090009,0.8,0.17647058823529413,16983.0
0.0009000900090009,0.8,0.23529411764705882,16406.0
0.0009000900090009,0.8,0.29411764705882354,16840.0
0.0009000900090009,0.8,0.35294117647058826,17759.0
0.0009000900090009,0.8,0.4117647058823529,18144.0
0.0009000900090009,0.8,0.47058823529411764,18295.0
0.0009000900090009,0.8,0.5294117647058824,18769.0
0.0009000900090009,0.8,0.5882352941176471,20034.0
0.0009000900090009,0.8,0.6470588235294118,20586.0
0.0009000900090009,0.8,0.7058823529411765,20963.0
0.0009000900090009,0.8,0.7647058823529411,19812.0
0.0009000900090009,0.8,0.8235294117647058,20678.0
0.0009000900090009,0.8,0.8823529411764706,20338.0
0.0009000900090009,0.8,0.9411764705882353,22459.0
0.0009000900090009,0.8,1.0,21809.0
0.0009000900090009,1.0,0.0,9863.8
0.0009000900090009,1.0,0.058823529411764705,13023.0
0.0009000900090009,1.0,0.11764705882352941,16316.0
0.0009000900090009,1.0,0.17647058823529413,16195.0
0.0009000900090009,1.0,0.23529411764705882,16330.0
0.0009000900090009,1.0,0.29411764705882354,17375.0
0.0009000900090009,1.0,0.35294117647058826,18059.0
0.0009000900090009,1.0,0.4117647058823529,18098.0
0.0009000900090009,1.0,0.47058823529411764,19412.0
0.0009000900090009,1.0,0.5294117647058824,20358.0
0.0009000900090009,1.0,0.5882352941176471,18388.0
0.0009000900090009,1.0,0.6470588235294118,21156.0
0.0009000900090009,1.0,0.7058823529411765,20117.0
0.0009000900090009,1.0,0.7647058823529411,20372.0
0.0009000900090009,1.0,0.8235294117647058,21456.0
0.0009000900090009,1.0,0.8823529411764706,21072.0
0.0009000900090009,1.0,0.9411764705882353,23075.0
0.0009000900090009,1.0,1.0,22124.0
0.009900990099009901,0.0,0.0,9045.7
0.009900990099009901,0.0,0.058823529411764705,12813.0
0.009900990099009901,0.0,0.11764705882352941,12533.0
0.009900990099009901,0.0,0.17647058823529413,12321.0
0.009900990099009901,0.0,0.23529411764705882,14598.0
0.009900990099009901,0.0,0.29411764705882354,13741.0
0.009900990099009901,0.0,0.35294117647058826,13092.0
0.009900990099009901,0.0,0.4117647058823529,16693.0
0.009900990099009901,0.0,0.47058823529411764,13056.0
0.009900990099009901,0.0,0.5294117647058824,14659.0
0.009900990099009901,0.0,0.5882352941176471,18255.0
0.009900990099009901,0.0,0.6470588235294118,13393.0
0.009900990099009901,0.0,0.7058823529411765,15583.0
0.009900990099009901,0.0,0.7647058823529411,18060.0
0.009900990099009901,0.0,0.8235294117647058,15287.0
0.009900990099009901,0.0,0.8823529411764706,14937.0
0.009900990099009901,0.0,0.9411764705882353,18676.0
0.009900990099009901,0.0,1.0,14237.0
0.009900990099009901,0.2,0.0,9799.9
0.009900990099009901,0.2,0.058823529411764705,12896.0
0.009900990099009901,0.2,0.11764705882352941,13319.0
0.009900990099009901,0.2,0.17647058823529413,14985.0
0.009900990099009901,0.2,0.23529411764705882,15296.0
0.009900990099009901,0.2,0.29411764705882354,16379.0
0.009900990099009901,0.2,0.35294117647058826,17395.0
0.009900990099009901,0.2,0.4117647058823529,17503.0
0.009900990099009901,0.2,0.47058823529411764,18437.0
0.009900990099009901,0.2,0.5294117647058824,19895.0
0.009900990099009901,0.2,0.5882352941176471,18938.0
0.009900990099009901,0.2,0.6470588235294118,17963.0
0.009900990099009901,0.2,0.7058823529411765,20294.0
0.009900990099009901,0.2,0.7647058823529411,19076.0
0.009900990099009901,0.2,0.8235294117647058,18242.0
0.009900990099009901,0.2,0.8823529411764706,20312.0
0.009900990099009901,0.2,0.9411764705882353,18829.0
0.009900990099009901,0.2,1.0,19203.0
0.009900990099009901,0.4,0.0,9372.9
0.009900990099009901,0.4,0.058823529411764705,12879.0
0.009900990099009901,0.4,0.11764705882352941,15037.0
0.009900990099009901,0.4,0.17647058823529413,15172.0
0.009900990099009901,0.4,0.23529411764705882,14891.0
0.009900990099009901,0.4,0.29411764705882354,17433.0
0.009900990099009901,0.4,0.35294117647058826,17151.0
0.009900990099009901,0.4,0.4117647058823529,17411.0
0.009900990099009901,0.4,0.47058823529411764,18875.0
0.009900990099009901,0.4,0.5294117647058824,17815.0
0.009900990099009901,0.4,0.5882352941176471,18535.0
0.009900990099009901,0.4,0.6470588235294118,19937.0
0.009900990099009901,0.4,0.7058823529411765,19581.0
0.009900990099009901,0.4,0.7647058823529411,19574.0
0.009900990099009901,0.4,0.8235294117647058,20907.0
0.009900990099009901,0.4,0.8823529411764706,19475.0
0.009900990099009901,0.4,0.9411764705882353,20703.0
0.009900990099009901,0.4,1.0,20391.0
0.009900990099009901,0.6,0.0,9769.1
0.009900990099009901,0.6,0.058823529411764705,13006.0
0.009900990099009901,0.6,0.11764705882352941,14542.0
0.009900990099009901,0.6,0.17647058823529413,15496.0
0.009900990099009901,0.6,0.23529411764705882,16116.0
0.009900990099009901,0.6,0.29411764705882354,16985.0
0.009900990099009901,0.6,0.35294117647058826,16493.0
0.009900990099009901,0.6,0.4117647058823529,16940.0
0.009900990099009901,0.6,0.47058823529411764,18585.0
0.009900990099009901,0.6,0.5294117647058824,18951.0
0.009900990099009901,0.6,0.5882352941176471,18792.0
0.009900990099009901,0.6,0.6470588235294118,18298.0
0.009900990099009901,0.6,0.7058823529411765,19334.0
0.009900990099009901,0.6,0.7647058823529411,19635.0
0.009900990099009901,0.6,0.8235294117647058,20055.0
0.009900990099009901,0.6,0.8823529411764706,19835.0
0.009900990099009901,0.6,0.9411764705882353,20325.0
0.009900990099009901,0.6,1.0,20473.0
0.009900990099009901,0.8,0.0,9295.4
0.009900990099009901,0.8,0.058823529411764705,12068.0
0.009900990099009901,0.8,0.11764705882352941,15336.0
0.009900990099009901,0.8,0.17647058823529413,15194.0
0.009900990099009901,0.8,0.23529411764705882,16037.0
0.009900990099009901,0.8,0.29411764705882354,17259.0
0.009900990099009901,0.8,0.35294117647058826,17630.0
0.009900990099009901,0.8,0.4117647058823529,18330.0
0.009900990099009901,0.8,0.47058823529411764,18929.0
0.009900990099009901,0.8,0.5294117647058824,19647.0
0.009900990099009901,0.8,0.5882352941176471,18847.0
0.009900990099009901,0.8,0.6470588235294118,19873.0
0.009900990099009901,0.8,0.7058823529411765,20157.0
0.009900990099009901,0.8,0.7647058823529411,19592.0
0.009900990099009901,0.8,0.8235294117647058,20744.0
0.009900990099009901,0.8,0.8823529411764706,19504.0
0.009900990099009901,0.8,0.9411764705882353,21070.0
0.009900990099009901,0.8,1.0,20923.0
0.009900990099009901,1.0,0.0,9491.4
0.009900990099009901,1.0,0.058823529411764705,12558.0
0.009900990099009901,1.0,0.11764705882352941,14984.0
0.009900990099009901,1.0,0.17647058823529413,15332.0
0.009900990099009901,1.0,0.23529411764705882,16328.0
0.009900990099009901,1.0,0.29411764705882354,17404.0
0.009900990099009901,1.0,0.35294117647058826,17561.0
0.009900990099009901,1.0,0.4117647058823529,16596.0
0.009900990099009901,1.0,0.47058823529411764,18696.0
0.009900990099009901,1.0,0.5294117647058824,19757.0
0.009900990099009901,1.0,0.5882352941176471,19693.0
0.009900990099009901,1.0,0.6470588235294118,19826.0
0.009900990099009901,1.0,0.7058823529411765,19243.0
0.009900990099009901,1.0,0.7647058823529411,18980.0
0.009900990099009901,1.0,0.8235294117647058,20247.0
0.009900990099009901,1.0,0.8823529411764706,20132.0
0.009900990099009901,1.0,0.9411764705882353,21086.0
0.009900990099009901,1.0,1.0,20398.0
0.0999099909990999,0.0,0.0,2935.9
0.0999099909990999,0.0,0.058823529411764705,2901.4
0.0999099909990999,0.0,0.11764705882352941,2969.8
0.0999099909990999,0.0,0.17647058823529413,2954.8
0.0999099909990999,0.0,0.23529411764705882,2790.8
0.0999099909990999,0.0,0.29411764705882354,3049.8
0.0999099909990999,0.0,0.35294117647058826,3058.1
0.0999099909990999,0.0,0.4117647058823529,2958.1
0.0999099909990999,0.0,0.47058823529411764,2927.1
0.0999099909990999,0.0,0.5294117647058824,3009.6
0.0999099909990999,0.0,0.5882352941176471,2936.1
0.0999099909990999,0.0,0.6470588235294118,2890.0
0.0999099909990999,0.0,0.7058823529411765,2906.4
0.0999099909990999,0.0,0.7647058823529411,2898.3
0.0999099909990999,0.0,0.8235294117647058,2987.4
0.0999099909990999,0.0,0.8823529411764706,2980.0
0.0999099909990999,0.0,0.9411764705882353,2853.9
0.0999099909990999,0.0,1.0,3027.8
0.0999099909990999,0.2,0.0,2958.2
0.0999099909990999,0.2,0.058823529411764705,2917.5
0.0999099909990999,0.2,0.11764705882352941,3014.6
0.0999099909990999,0.2,0.17647058823529413,3032.6
0.0999099909990999,0.2,0.23529411764705882,2934.9
0.0999099909990999,0.2,0.29411764705882354,2981.1
0.0999099909990999,0.2,0.35294117647058826,2958.6
0.0999099909990999,0.2,0.4117647058823529,2965.1
0.0999099909990999,0.2,0.47058823529411764,3056.3
0.0999099909990999,0.2,0.5294117647058824,3107.6
0.0999099909990999,0.2,0.5882352941176471,3027.8
0.0999099909990999,0.2,0.6470588235294118,3076.1
0.0999099909990999,0.2,0.7058823529411765,3050.5
0.0999099909990999,0.2,0.7647058823529411,3067.6
0.0999099909990999,0.2,0.8235294117647058,3059.8
0.0999099909990999,0.2,0.8823529411764706,2900.9
0.0999099909990999,0.2,0.9411764705882353,3044.9
0.0999099909990999,0.2,1.0,2919.8
0.0999099909990999,0.4,0.0,2952.8
0.0999099909990999,0.4,0.058823529411764705,3145.2
0.0999099909990999,0.4,0.11764705882352941,3096.6
0.0999099909990999,0.4,0.17647058823529413,3174.3
0.0999099909990999,0.4,0.23529411764705882,3100.2
0.0999099909990999,0.4,0.29411764705882354,3072.2
0.0999099909990999,0.4,0.35294117647058826,3148.3
0.0999099909990999,0.4,0.4117647058823529,3105.0
0.0999099909990999,0.4,0.47058823529411764,3283.9
0.0999099909990999,0.4,0.5294117647058824,3074.8
0.0999099909990999,0.4,0.5882352941176471,3056.1
0.0999099909990999,0.4,0.6470588235294118,3234.8
0.0999099909990999,0.4,0.7058823529411765,3136.9
0.0999099909990999,0.4,0.7647058823529411,3084.3
0.0999099909990999,0.4,0.8235294117647058,3045.4
0.0999099909990999,0.4,0.8823529411764706,3035.6
0.0999099909990999,0.4,0.9411764705882353,3036.7
0.0999099909990999,0.4,1.0,3138.6
0.0999099909990999,0.6,0.0,3008.9
0.0999099909990999,0.6,0.058823529411764705,2988.8
0.0999099909990999,0.6,0.11764705882352941,3042.7
0.0999099909990999,0.6,0.17647058823529413,3291.8
0.0999099909990999,0.6,0.23529411764705882,3062.4
0.0999099909990999,0.6,0.29411764705882354,3077.6
0.0999099909990999,0.6,0.35294117647058826,3122.1
0.0999099909990999,0.6,0.4117647058823529,3231.3
0.0999099909990999,0.6,0.47058823529411764,3221.8
0.0999099909990999,0.6,0.5294117647058824,3341.6
0.0999099909990999,0.6,0.5882352941176471,3401.1
0.0999099909990999,0.6,0.6470588235294118,2892.1
0.0999099909990999,0.6,0.7058823529411765,3321.6
0.0999099909990999,0.6,0.7647058823529411,3127.7
0.0999099909990999,0.6,0.8235294117647058,3032.4
0.0999099909990999,0.6,0.8823529411764706,3267.1
0.0999099909990999,0.6,0.9411764705882353,3259.9
0.0999099909990999,0.6,1.0,3232.2
0.0999099909990999,0.8,0.0,3146.1
0.0999099909990999,0.8,0.058823529411764705,2990.2
0.0999099909990999,0.8,0.11764705882352941,3126.8
0.0999099909990999,0.8,0.17647058823529413,3122.8
0.0999099909990999,0.8,0.23529411764705882,3158.9
0.0999099909990999,0.8,0.29411764705882354,3393.4
0.0999099909990999,0.8,0.35294117647058826,3257.4
0.0999099909990999,0.8,0.4117647058823529,3154.5
0.0999099909990999,0.8,0.47058823529411764,3033.4
0.0999099909990999,0.8,0.5294117647058824,3246.4
0.0999099909990999,0.8,0.5882352941176471,3286.9
0.0999099909990999,0.8,0.6470588235294118,3404.9
0.0999099909990999,0.8,0.7058823529411765,3243.1
0.0999099909990999,0.8,0.7647058823529411,3115.9
0.0999099909990999,0.8,0.8235294117647058,3213.4
0.0999099909990999,0.8,0.8823529411764706,3099.8
0.0999099909990999,0.8,0.9411764705882353,2985.2
0.0999099909990999,0.8,1.0,3117.1
0.0999099909990999,1.0,0.0,3037.1
0.0999099909990999,1.0,0.058823529411764705,3207.9
0.0999099909990999,1.0,0.11764705882352941,3173.7
0.0999099909990999,1.0,0.17647058823529413,3206.2
0.0999099909990999,1.0,0.23529411764705882,3243.1
0.0999099909990999,1.0,0.29411764705882354,3196.8
0.0999099909990999,1.0,0.35294117647058826,3115.5
0.0999099909990999,1.0,0.4117647058823529,3297.9
0.0999099909990999,1.0,0.47058823529411764,3425.3
0.0999099909990999,1.0,0.5294117647058824,3136.4
0.0999099909990999,1.0,0.5882352941176471,3341.7
0.0999099909990999,1.0,0.6470588235294118,3307.0
0.0999099909990999,1.0,0.7058823529411765,3438.6
0.0999099909990999,1.0,0.7647058823529411,3250.2
0.0999099909990999,1.0,0.8235294117647058,3185.1
0.0999099909990999,1.0,0.8823529411764706,3304.3
0.0999099909990999,1.0,0.9411764705882353,3377.4
0.0999099909990999,1.0,1.0,3271.9
1.0,0.0,0.0,310.06
1.0,0.0,0.058823529411764705,339.76
1.0,0.0,0.11764705882352941,420.81
1.0,0.0,0.17647058823529413,365.31
1.0,0.0,0.23529411764705882,579.53
1.0,0.0,0.29411764705882354,433.29
1.0,0.0,0.35294117647058826,458.25
1.0,0.0,0.4117647058823529,515.12
1.0,0.0,0.47058823529411764,407.65
1.0,0.0,0.5294117647058824,460.81
1.0,0.0,0.5882352941176471,288.56
1.0,0.0,0.6470588235294118,365.07
1.0,0.0,0.7058823529411765,553.53
1.0,0.0,0.7647058823529411,512.44
1.0,0.0,0.8235294117647058,375.41
1.0,0.0,0.8823529411764706,394.88
1.0,0.0,0.9411764705882353,452.0
1.0,0.0,1.0,402.53
1.0,0.2,0.0,449.06
1.0,0.2,0.058823529411764705,488.69
1.0,0.2,0.11764705882352941,449.12
1.0,0.2,0.17647058823529413,564.53
1.0,0.2,0.23529411764705882,567.93
1.0,0.2,0.29411764705882354,600.81
1.0,0.2,0.35294117647058826,619.18
1.0,0.2,0.4117647058823529,470.94
1.0,0.2,0.47058823529411764,579.38
1.0,0.2,0.5294117647058824,559.75
1.0,0.2,0.5882352941176471,567.94
1.0,0.2,0.6470588235294118,582.82
1.0,0.2,0.7058823529411765,561.06
1.0,0.2,0.7647058823529411,558.38
1.0,0.2,0.8235294117647058,600.53
1.0,0.2,0.8823529411764706,628.94
1.0,0.2,0.9411764705882353,565.82
1.0,0.2,1.0,575.38
1.0,0.4,0.0,416.31
1.0,0.4,0.058823529411764705,434.0
1.0,0.4,0.11764705882352941,392.71
1.0,0.4,0.17647058823529413,681.59
1.0,0.4,0.23529411764705882,667.35
1.0,0.4,0.29411764705882354,586.88
1.0,0.4,0.35294117647058826,607.29
1.0,0.4,0.4117647058823529,671.12
1.0,0.4,0.47058823529411764,642.12
1.0,0.4,0.5294117647058824,717.75
1.0,0.4,0.5882352941176471,605.41
