spout_wait,spliters,counters,<$latency
0.0,0.0,0.0,503.02
0.0,0.0,0.058823529411764705,384.57
0.0,0.0,0.11764705882352941,372.64
0.0,0.0,0.17647058823529413,414.98
0.0,0.0,0.23529411764705882,404.29
0.0,0.0,0.29411764705882354,354.09
0.0,0.0,0.35294117647058826,393.85
0.0,0.0,0.4117647058823529,384.95
0.0,0.0,0.47058823529411764,400.27
0.0,0.0,0.5294117647058824,361.51
0.0,0.0,0.5882352941176471,354.71
0.0,0.0,0.6470588235294118,384.22
0.0,0.0,0.7058823529411765,418.19
0.0,0.0,0.7647058823529411,398.64
0.0,0.0,0.8235294117647058,384.66
0.0,0.0,0.8823529411764706,399.54
0.0,0.0,0.9411764705882353,378.72
0.0,0.0,1.0,384.31
0.0,0.2,0.0,364.95
0.0,0.2,0.058823529411764705,314.55
0.0,0.2,0.11764705882352941,319.03
0.0,0.2,0.17647058823529413,329.55
0.0,0.2,0.23529411764705882,307.32
0.0,0.2,0.29411764705882354,325.32
0.0,0.2,0.35294117647058826,313.45
0.0,0.2,0.4117647058823529,307.22
0.0,0.2,0.47058823529411764,310.57
0.0,0.2,0.5294117647058824,314.64
0.0,0.2,0.5882352941176471,312.75
0.0,0.2,0.6470588235294118,306.24
0.0,0.2,0.7058823529411765,300.43
0.0,0.2,0.7647058823529411,317.24
0.0,0.2,0.8235294117647058,309.71
0.0,0.2,0.8823529411764706,328.65
0.0,0.2,0.9411764705882353,287.27
0.0,0.2,1.0,310.09
0.0,0.4,0.0,286.39
0.0,0.4,0.058823529411764705,265.26
0.0,0.4,0.11764705882352941,289.29
0.0,0.4,0.17647058823529413,290.05
0.0,0.4,0.23529411764705882,283.66
0.0,0.4,0.29411764705882354,294.35
0.0,0.4,0.35294117647058826,281.69
0.0,0.4,0.4117647058823529,285.11
0.0,0.4,0.47058823529411764,265.39
0.0,0.4,0.5294117647058824,287.62
0.0,0.4,0.5882352941176471,270.49
0.0,0.4,0.6470588235294118,272.83
0.0,0.4,0.7058823529411765,264.22
0.0,0.4,0.7647058823529411,272.87
0.0,0.4,0.8235294117647058,281.63
0.0,0.4,0.8823529411764706,270.07
0.0,0.4,0.9411764705882353,263.71
0.0,0.4,1.0,263.14
0.0,0.6,0.0,276.56
0.0,0.6,0.058823529411764705,295.74
0.0,0.6,0.11764705882352941,305.17
0.0,0.6,0.17647058823529413,286.45
0.0,0.6,0.23529411764705882,286.84
0.0,0.6,0.29411764705882354,281.0
0.0,0.6,0.35294117647058826,282.2
0.0,0.6,0.4117647058823529,292.8
0.0,0.6,0.47058823529411764,266.68
0.0,0.6,0.5294117647058824,270.57
0.0,0.6,0.5882352941176471,275.67
0.0,0.6,0.6470588235294118,282.76
0.0,0.6,0.7058823529411765,270.13
0.0,0.6,0.7647058823529411,288.16
0.0,0.6,0.8235294117647058,275.56
0.0,0.6,0.8823529411764706,275.03
0.0,0.6,0.9411764705882353,280.22
0.0,0.6,1.0,268.05
0.0,0.8,0.0,273.54
0.0,0.8,0.058823529411764705,291.24
0.0,0.8,0.11764705882352941,283.79
0.0,0.8,0.17647058823529413,289.61
0.0,0.8,0.23529411764705882,281.33
0.0,0.8,0.29411764705882354,278.02
0.0,0.8,0.35294117647058826,275.25
0.0,0.8,0.4117647058823529,274.23
0.0,0.8,0.47058823529411764,267.21
0.0,0.8,0.5294117647058824,287.83
0.0,0.8,0.5882352941176471,261.07
0.0,0.8,0.6470588235294118,261.91
0.0,0.8,0.7058823529411765,276.75
0.0,0.8,0.7647058823529411,267.26
0.0,0.8,0.8235294117647058,272.98
0.0,0.8,0.8823529411764706,264.55
0.0,0.8,0.9411764705882353,268.18
0.0,0.8,1.0,265.69
0.0,1.0,0.0,275.92
0.0,1.0,0.058823529411764705,273.26
0.0,1.0,0.11764705882352941,283.06
0.0,1.0,0.17647058823529413,290.38
0.0,1.0,0.23529411764705882,282.01
0.0,1.0,0.29411764705882354,271.78
0.0,1.0,0.35294117647058826,278.68
0.0,1.0,0.4117647058823529,280.18
0.0,1.0,0.47058823529411764,279.38
0.0,1.0,0.5294117647058824,269.66
0.0,1.0,0.5882352941176471,274.74
0.0,1.0,0.6470588235294118,271.54
0.0,1.0,0.7058823529411765,262.29
0.0,1.0,0.7647058823529411,282.96
0.0,1.0,0.8235294117647058,253.93
0.0,1.0,0.8823529411764706,270.12
0.0,1.0,0.9411764705882353,268.72
0.0,1.0,1.0,265.93
1.6666944449074153e-05,0.0,0.0,462.69
1.6666944449074153e-05,0.0,0.058823529411764705,415.58
1.6666944449074153e-05,0.0,0.11764705882352941,387.76
1.6666944449074153e-05,0.0,0.17647058823529413,419.62
1.6666944449074153e-05,0.0,0.23529411764705882,357.0
1.6666944449074153e-05,0.0,0.29411764705882354,373.04
1.6666944449074153e-05,0.0,0.35294117647058826,391.23
1.6666944449074153e-05,0.0,0.4117647058823529,394.49
1.6666944449074153e-05,0.0,0.47058823529411764,394.18
1.6666944449074153e-05,0.0,0.5294117647058824,385.49
1.6666944449074153e-05,0.0,0.5882352941176471,402.31
1.6666944449074153e-05,0.0,0.6470588235294118,393.2
1.6666944449074153e-05,0.0,0.7058823529411765,388.63
1.6666944449074153e-05,0.0,0.7647058823529411,361.05
1.6666944449074153e-05,0.0,0.8235294117647058,366.02
1.6666944449074153e-05,0.0,0.8823529411764706,403.02
1.6666944449074153e-05,0.0,0.9411764705882353,387.8
1.6666944449074153e-05,0.0,1.0,384.03
1.6666944449074153e-05,0.2,0.0,351.3
1.6666944449074153e-05,0.2,0.058823529411764705,308.45
1.6666944449074153e-05,0.2,0.11764705882352941,333.37
1.6666944449074153e-05,0.2,0.17647058823529413,341.65
1.6666944449074153e-05,0.2,0.23529411764705882,322.27
1.6666944449074153e-05,0.2,0.29411764705882354,313.69
1.6666944449074153e-05,0.2,0.35294117647058826,312.04
1.6666944449074153e-05,0.2,0.4117647058823529,305.01
1.6666944449074153e-05,0.2,0.47058823529411764,311.97
1.6666944449074153e-05,0.2,0.5294117647058824,311.41
1.6666944449074153e-05,0.2,0.5882352941176471,293.55
1.6666944449074153e-05,0.2,0.6470588235294118,319.76
1.6666944449074153e-05,0.2,0.7058823529411765,307.6
1.6666944449074153e-05,0.2,0.7647058823529411,296.31
1.6666944449074153e-05,0.2,0.8235294117647058,299.0
1.6666944449074153e-05,0.2,0.8823529411764706,309.22
1.6666944449074153e-05,0.2,0.9411764705882353,298.16
1.6666944449074153e-05,0.2,1.0,318.52
1.6666944449074153e-05,0.4,0.0,276.16
1.6666944449074153e-05,0.4,0.058823529411764705,277.71
1.6666944449074153e-05,0.4,0.11764705882352941,292.05
1.6666944449074153e-05,0.4,0.17647058823529413,288.85
1.6666944449074153e-05,0.4,0.23529411764705882,290.47
1.6666944449074153e-05,0.4,0.29411764705882354,288.28
1.6666944449074153e-05,0.4,0.35294117647058826,288.98
1.6666944449074153e-05,0.4,0.4117647058823529,282.73
1.6666944449074153e-05,0.4,0.47058823529411764,278.57
1.6666944449074153e-05,0.4,0.5294117647058824,286.0
1.6666944449074153e-05,0.4,0.5882352941176471,284.85
1.6666944449074153e-05,0.4,0.6470588235294118,274.53
1.6666944449074153e-05,0.4,0.7058823529411765,272.9
1.6666944449074153e-05,0.4,0.7647058823529411,262.77
1.6666944449074153e-05,0.4,0.8235294117647058,281.06
1.6666944449074153e-05,0.4,0.8823529411764706,276.04
1.6666944449074153e-05,0.4,0.9411764705882353,272.45
1.6666944449074153e-05,0.4,1.0,273.89
1.6666944449074153e-05,0.6,0.0,281.2
1.6666944449074153e-05,0.6,0.058823529411764705,270.49
1.6666944449074153e-05,0.6,0.11764705882352941,298.91
1.6666944449074153e-05,0.6,0.17647058823529413,290.41
1.6666944449074153e-05,0.6,0.23529411764705882,276.15
1.6666944449074153e-05,0.6,0.29411764705882354,290.76
1.6666944449074153e-05,0.6,0.35294117647058826,276.14
1.6666944449074153e-05,0.6,0.4117647058823529,274.13
1.6666944449074153e-05,0.6,0.47058823529411764,275.8
1.6666944449074153e-05,0.6,0.5294117647058824,270.75
1.6666944449074153e-05,0.6,0.5882352941176471,311.93
1.6666944449074153e-05,0.6,0.6470588235294118,270.19
1.6666944449074153e-05,0.6,0.7058823529411765,279.78
1.6666944449074153e-05,0.6,0.7647058823529411,274.53
1.6666944449074153e-05,0.6,0.8235294117647058,269.52
1.6666944449074153e-05,0.6,0.8823529411764706,273.4
1.6666944449074153e-05,0.6,0.9411764705882353,270.8
1.6666944449074153e-05,0.6,1.0,269.13
1.6666944449074153e-05,0.8,0.0,275.29
1.6666944449074153e-05,0.8,0.058823529411764705,265.88
1.6666944449074153e-05,0.8,0.11764705882352941,285.11
1.6666944449074153e-05,0.8,0.17647058823529413,287.58
1.6666944449074153e-05,0.8,0.23529411764705882,291.64
1.6666944449074153e-05,0.8,0.29411764705882354,285.15
1.6666944449074153e-05,0.8,0.35294117647058826,281.05
1.6666944449074153e-05,0.8,0.4117647058823529,273.77
1.6666944449074153e-05,0.8,0.47058823529411764,277.4
1.6666944449074153e-05,0.8,0.5294117647058824,281.16
1.6666944449074153e-05,0.8,0.5882352941176471,272.22
1.6666944449074153e-05,0.8,0.6470588235294118,266.62
1.6666944449074153e-05,0.8,0.7058823529411765,292.02
1.6666944449074153e-05,0.8,0.7647058823529411,263.75
1.6666944449074153e-05,0.8,0.8235294117647058,263.62
1.6666944449074153e-05,0.8,0.8823529411764706,274.27
1.6666944449074153e-05,0.8,0.9411764705882353,264.43
1.6666944449074153e-05,0.8,1.0,264.47
1.6666944449074153e-05,1.0,0.0,269.82
1.6666944449074153e-05,1.0,0.058823529411764705,287.98
1.6666944449074153e-05,1.0,0.11764705882352941,288.03
1.6666944449074153e-05,1.0,0.17647058823529413,273.64
1.6666944449074153e-05,1.0,0.23529411764705882,281.18
1.6666944449074153e-05,1.0,0.29411764705882354,277.88
1.6666944449074153e-05,1.0,0.35294117647058826,282.11
1.6666944449074153e-05,1.0,0.4117647058823529,266.13
1.6666944449074153e-05,1.0,0.47058823529411764,273.86
1.6666944449074153e-05,1.0,0.5294117647058824,270.19
1.6666944449074153e-05,1.0,0.5882352941176471,271.97
1.6666944449074153e-05,1.0,0.6470588235294118,276.16
1.6666944449074153e-05,1.0,0.7058823529411765,264.44
1.6666944449074153e-05,1.0,0.7647058823529411,265.87
1.6666944449074153e-05,1.0,0.8235294117647058,250.48
1.6666944449074153e-05,1.0,0.8823529411764706,267.29
1.6666944449074153e-05,1.0,0.9411764705882353,282.65
1.6666944449074153e-05,1.0,1.0,266.44
3.3333888898148306e-05,0.0,0.0,491.43
3.3333888898148306e-05,0.0,0.058823529411764705,420.23
3.3333888898148306e-05,0.0,0.11764705882352941,379.96
3.3333888898148306e-05,0.0,0.17647058823529413,398.76
3.3333888898148306e-05,0.0,0.23529411764705882,368.25
3.3333888898148306e-05,0.0,0.29411764705882354,360.0
3.3333888898148306e-05,0.0,0.35294117647058826,379.98
3.3333888898148306e-05,0.0,0.4117647058823529,401.21
3.3333888898148306e-05,0.0,0.47058823529411764,359.25
3.3333888898148306e-05,0.0,0.5294117647058824,358.95
3.3333888898148306e-05,0.0,0.5882352941176471,361.09
3.3333888898148306e-05,0.0,0.6470588235294118,374.83
3.3333888898148306e-05,0.0,0.7058823529411765,365.42
3.3333888898148306e-05,0.0,0.7647058823529411,381.84
3.3333888898148306e-05,0.0,0.8235294117647058,375.0
3.3333888898148306e-05,0.0,0.8823529411764706,378.26
3.3333888898148306e-05,0.0,0.9411764705882353,398.52
3.3333888898148306e-05,0.0,1.0,365.52
3.3333888898148306e-05,0.2,0.0,326.32
3.3333888898148306e-05,0.2,0.058823529411764705,312.83
3.3333888898148306e-05,0.2,0.11764705882352941,320.83
3.3333888898148306e-05,0.2,0.17647058823529413,340.62
3.3333888898148306e-05,0.2,0.23529411764705882,316.45
3.3333888898148306e-05,0.2,0.29411764705882354,321.72
3.3333888898148306e-05,0.2,0.35294117647058826,320.99
3.3333888898148306e-05,0.2,0.4117647058823529,321.19
3.3333888898148306e-05,0.2,0.47058823529411764,304.48
3.3333888898148306e-05,0.2,0.5294117647058824,297.76
3.3333888898148306e-05,0.2,0.5882352941176471,304.17
3.3333888898148306e-05,0.2,0.6470588235294118,290.21
3.3333888898148306e-05,0.2,0.7058823529411765,294.95
3.3333888898148306e-05,0.2,0.7647058823529411,317.36
3.3333888898148306e-05,0.2,0.8235294117647058,300.97
3.3333888898148306e-05,0.2,0.8823529411764706,305.8
3.3333888898148306e-05,0.2,0.9411764705882353,307.79
3.3333888898148306e-05,0.2,1.0,301.8
3.3333888898148306e-05,0.4,0.0,266.53
3.3333888898148306e-05,0.4,0.058823529411764705,290.66
3.3333888898148306e-05,0.4,0.11764705882352941,285.37
3.3333888898148306e-05,0.4,0.17647058823529413,282.96
3.3333888898148306e-05,0.4,0.23529411764705882,286.02
3.3333888898148306e-05,0.4,0.29411764705882354,287.89
3.3333888898148306e-05,0.4,0.35294117647058826,276.13
3.3333888898148306e-05,0.4,0.4117647058823529,298.43
3.3333888898148306e-05,0.4,0.47058823529411764,285.39
3.3333888898148306e-05,0.4,0.5294117647058824,264.56
3.3333888898148306e-05,0.4,0.5882352941176471,283.96
3.3333888898148306e-05,0.4,0.6470588235294118,260.23
3.3333888898148306e-05,0.4,0.7058823529411765,288.43
3.3333888898148306e-05,0.4,0.7647058823529411,280.18
3.3333888898148306e-05,0.4,0.8235294117647058,263.82
3.3333888898148306e-05,0.4,0.8823529411764706,266.97
3.3333888898148306e-05,0.4,0.9411764705882353,261.22
3.3333888898148306e-05,0.4,1.0,269.77
3.3333888898148306e-05,0.6,0.0,269.51
3.3333888898148306e-05,0.6,0.058823529411764705,291.39
3.3333888898148306e-05,0.6,0.11764705882352941,289.04
3.3333888898148306e-05,0.6,0.17647058823529413,294.54
3.3333888898148306e-05,0.6,0.23529411764705882,280.83
3.3333888898148306e-05,0.6,0.29411764705882354,283.1
3.3333888898148306e-05,0.6,0.35294117647058826,272.32
3.3333888898148306e-05,0.6,0.4117647058823529,283.24
3.3333888898148306e-05,0.6,0.47058823529411764,288.34
3.3333888898148306e-05,0.6,0.5294117647058824,268.85
3.3333888898148306e-05,0.6,0.5882352941176471,275.95
3.3333888898148306e-05,0.6,0.6470588235294118,270.0
3.3333888898148306e-05,0.6,0.7058823529411765,267.47
3.3333888898148306e-05,0.6,0.7647058823529411,264.51
3.3333888898148306e-05,0.6,0.8235294117647058,270.43
3.3333888898148306e-05,0.6,0.8823529411764706,268.54
3.3333888898148306e-05,0.6,0.9411764705882353,269.98
3.3333888898148306e-05,0.6,1.0,262.58
3.3333888898148306e-05,0.8,0.0,272.69
3.3333888898148306e-05,0.8,0.058823529411764705,260.96
3.3333888898148306e-05,0.8,0.11764705882352941,269.54
3.3333888898148306e-05,0.8,0.17647058823529413,285.93
3.3333888898148306e-05,0.8,0.23529411764705882,276.93
3.3333888898148306e-05,0.8,0.29411764705882354,269.4
3.3333888898148306e-05,0.8,0.35294117647058826,276.95
3.3333888898148306e-05,0.8,0.4117647058823529,275.2
3.3333888898148306e-05,0.8,0.47058823529411764,274.95
3.3333888898148306e-05,0.8,0.5294117647058824,263.89
3.3333888898148306e-05,0.8,0.5882352941176471,273.22
3.3333888898148306e-05,0.8,0.6470588235294118,264.86
3.3333888898148306e-05,0.8,0.7058823529411765,286.77
3.3333888898148306e-05,0.8,0.7647058823529411,275.3
3.3333888898148306e-05,0.8,0.8235294117647058,260.28
3.3333888898148306e-05,0.8,0.8823529411764706,264.47
3.3333888898148306e-05,0.8,0.9411764705882353,258.79
3.3333888898148306e-05,0.8,1.0,262.33
3.3333888898148306e-05,1.0,0.0,259.35
3.3333888898148306e-05,1.0,0.058823529411764705,258.52
3.3333888898148306e-05,1.0,0.11764705882352941,278.48
3.3333888898148306e-05,1.0,0.17647058823529413,282.29
3.3333888898148306e-05,1.0,0.23529411764705882,282.39
3.3333888898148306e-05,1.0,0.29411764705882354,267.04
3.3333888898148306e-05,1.0,0.35294117647058826,284.22
3.3333888898148306e-05,1.0,0.4117647058823529,265.4
3.3333888898148306e-05,1.0,0.47058823529411764,281.35
3.3333888898148306e-05,1.0,0.5294117647058824,274.57
3.3333888898148306e-05,1.0,0.5882352941176471,274.85
3.3333888898148306e-05,1.0,0.6470588235294118,267.55
3.3333888898148306e-05,1.0,0.7058823529411765,265.52
3.3333888898148306e-05,1.0,0.7647058823529411,283.18
3.3333888898148306e-05,1.0,0.8235294117647058,255.39
3.3333888898148306e-05,1.0,0.8823529411764706,256.17
3.3333888898148306e-05,1.0,0.9411764705882353,258.59
3.3333888898148306e-05,1.0,1.0,271.08
5.0000833347222455e-05,0.0,0.0,462.02
5.0000833347222455e-05,0.0,0.058823529411764705,388.28
5.0000833347222455e-05,0.0,0.11764705882352941,391.5
5.0000833347222455e-05,0.0,0.17647058823529413,392.03
5.0000833347222455e-05,0.0,0.23529411764705882,377.45
5.0000833347222455e-05,0.0,0.29411764705882354,378.7
5.0000833347222455e-05,0.0,0.35294117647058826,404.74
5.0000833347222455e-05,0.0,0.4117647058823529,369.17
5.0000833347222455e-05,0.0,0.47058823529411764,356.86
5.0000833347222455e-05,0.0,0.5294117647058824,368.74
5.0000833347222455e-05,0.0,0.5882352941176471,378.85
5.0000833347222455e-05,0.0,0.6470588235294118,370.96
5.0000833347222455e-05,0.0,0.7058823529411765,369.06
5.0000833347222455e-05,0.0,0.7647058823529411,356.11
5.0000833347222455e-05,0.0,0.8235294117647058,379.58
5.0000833347222455e-05,0.0,0.8823529411764706,370.17
5.0000833347222455e-05,0.0,0.9411764705882353,333.71
5.0000833347222455e-05,0.0,1.0,368.99
5.0000833347222455e-05,0.2,0.0,340.19
5.0000833347222455e-05,0.2,0.058823529411764705,315.44
5.0000833347222455e-05,0.2,0.11764705882352941,309.95
5.0000833347222455e-05,0.2,0.17647058823529413,325.08
5.0000833347222455e-05,0.2,0.23529411764705882,302.32
5.0000833347222455e-05,0.2,0.29411764705882354,314.2
5.0000833347222455e-05,0.2,0.35294117647058826,319.86
5.0000833347222455e-05,0.2,0.4117647058823529,316.7
5.0000833347222455e-05,0.2,0.47058823529411764,299.28
5.0000833347222455e-05,0.2,0.5294117647058824,304.36
5.0000833347222455e-05,0.2,0.5882352941176471,293.03
5.0000833347222455e-05,0.2,0.6470588235294118,311.32
5.0000833347222455e-05,0.2,0.7058823529411765,307.37
5.0000833347222455e-05,0.2,0.7647058823529411,320.8
5.0000833347222455e-05,0.2,0.8235294117647058,302.46
5.0000833347222455e-05,0.2,0.8823529411764706,304.72
5.0000833347222455e-05,0.2,0.9411764705882353,295.44
5.0000833347222455e-05,0.2,1.0,300.71
5.0000833347222455e-05,0.4,0.0,257.81
5.0000833347222455e-05,0.4,0.058823529411764705,290.73
5.0000833347222455e-05,0.4,0.11764705882352941,278.21
5.0000833347222455e-05,0.4,0.17647058823529413,290.38
5.0000833347222455e-05,0.4,0.23529411764705882,277.76
5.0000833347222455e-05,0.4,0.29411764705882354,302.15
5.0000833347222455e-05,0.4,0.35294117647058826,285.06
5.0000833347222455e-05,0.4,0.4117647058823529,264.45
5.0000833347222455e-05,0.4,0.47058823529411764,287.6
5.0000833347222455e-05,0.4,0.5294117647058824,270.33
5.0000833347222455e-05,0.4,0.5882352941176471,270.74
5.0000833347222455e-05,0.4,0.6470588235294118,270.4
5.0000833347222455e-05,0.4,0.7058823529411765,276.57
5.0000833347222455e-05,0.4,0.7647058823529411,264.18
5.0000833347222455e-05,0.4,0.8235294117647058,269.23
5.0000833347222455e-05,0.4,0.8823529411764706,272.82
5.0000833347222455e-05,0.4,0.9411764705882353,268.98
5.0000833347222455e-05,0.4,1.0,272.99
5.0000833347222455e-05,0.6,0.0,271.17
5.0000833347222455e-05,0.6,0.058823529411764705,286.89
5.0000833347222455e-05,0.6,0.11764705882352941,268.72
5.0000833347222455e-05,0.6,0.17647058823529413,292.15
5.0000833347222455e-05,0.6,0.23529411764705882,285.3
5.0000833347222455e-05,0.6,0.29411764705882354,280.73
5.0000833347222455e-05,0.6,0.35294117647058826,278.24
5.0000833347222455e-05,0.6,0.4117647058823529,278.59
5.0000833347222455e-05,0.6,0.47058823529411764,290.97
5.0000833347222455e-05,0.6,0.5294117647058824,280.77
5.0000833347222455e-05,0.6,0.5882352941176471,269.76
5.0000833347222455e-05,0.6,0.6470588235294118,268.97
5.0000833347222455e-05,0.6,0.7058823529411765,272.06
5.0000833347222455e-05,0.6,0.7647058823529411,271.77
5.0000833347222455e-05,0.6,0.8235294117647058,259.3
5.0000833347222455e-05,0.6,0.8823529411764706,269.86
5.0000833347222455e-05,0.6,0.9411764705882353,269.02
5.0000833347222455e-05,0.6,1.0,262.54
5.0000833347222455e-05,0.8,0.0,281.03
5.0000833347222455e-05,0.8,0.058823529411764705,287.26
5.0000833347222455e-05,0.8,0.11764705882352941,277.64
5.0000833347222455e-05,0.8,0.17647058823529413,293.16
5.0000833347222455e-05,0.8,0.23529411764705882,268.24
5.0000833347222455e-05,0.8,0.29411764705882354,293.76
5.0000833347222455e-05,0.8,0.35294117647058826,281.77
5.0000833347222455e-05,0.8,0.4117647058823529,261.83
5.0000833347222455e-05,0.8,0.47058823529411764,272.18
5.0000833347222455e-05,0.8,0.5294117647058824,271.51
5.0000833347222455e-05,0.8,0.5882352941176471,276.03
5.0000833347222455e-05,0.8,0.6470588235294118,262.32
5.0000833347222455e-05,0.8,0.7058823529411765,271.87
5.0000833347222455e-05,0.8,0.7647058823529411,272.1
5.0000833347222455e-05,0.8,0.8235294117647058,268.85
5.0000833347222455e-05,0.8,0.8823529411764706,259.36
5.0000833347222455e-05,0.8,0.9411764705882353,275.23
5.0000833347222455e-05,0.8,1.0,270.99
5.0000833347222455e-05,1.0,0.0,247.45
5.0000833347222455e-05,1.0,0.058823529411764705,266.78
5.0000833347222455e-05,1.0,0.11764705882352941,273.34
5.0000833347222455e-05,1.0,0.17647058823529413,279.26
5.0000833347222455e-05,1.0,0.23529411764705882,274.94
5.0000833347222455e-05,1.0,0.29411764705882354,268.18
5.0000833347222455e-05,1.0,0.35294117647058826,276.04
5.0000833347222455e-05,1.0,0.4117647058823529,276.92
5.0000833347222455e-05,1.0,0.47058823529411764,270.86
5.0000833347222455e-05,1.0,0.5294117647058824,263.78
5.0000833347222455e-05,1.0,0.5882352941176471,276.84
5.0000833347222455e-05,1.0,0.6470588235294118,261.07
5.0000833347222455e-05,1.0,0.7058823529411765,267.03
5.0000833347222455e-05,1.0,0.7647058823529411,264.8
5.0000833347222455e-05,1.0,0.8235294117647058,261.87
5.0000833347222455e-05,1.0,0.8823529411764706,262.99
5.0000833347222455e-05,1.0,0.9411764705882353,249.67
5.0000833347222455e-05,1.0,1.0,259.32
6.666777779629661e-05,0.0,0.0,441.2
6.666777779629661e-05,0.0,0.058823529411764705,381.95
6.666777779629661e-05,0.0,0.11764705882352941,404.3
6.666777779629661e-05,0.0,0.17647058823529413,420.68
6.666777779629661e-05,0.0,0.23529411764705882,379.91
6.666777779629661e-05,0.0,0.29411764705882354,355.8
6.666777779629661e-05,0.0,0.35294117647058826,354.5
6.666777779629661e-05,0.0,0.4117647058823529,365.52
6.666777779629661e-05,0.0,0.47058823529411764,359.68
6.666777779629661e-05,0.0,0.5294117647058824,358.11
6.666777779629661e-05,0.0,0.5882352941176471,379.96
6.666777779629661e-05,0.0,0.6470588235294118,362.41
6.666777779629661e-05,0.0,0.7058823529411765,397.46
6.666777779629661e-05,0.0,0.7647058823529411,402.41
6.666777779629661e-05,0.0,0.8235294117647058,360.94
6.666777779629661e-05,0.0,0.8823529411764706,384.78
6.666777779629661e-05,0.0,0.9411764705882353,370.34
6.666777779629661e-05,0.0,1.0,385.79
6.666777779629661e-05,0.2,0.0,319.57
6.666777779629661e-05,0.2,0.058823529411764705,309.59
6.666777779629661e-05,0.2,0.11764705882352941,317.21
6.666777779629661e-05,0.2,0.17647058823529413,328.1
6.666777779629661e-05,0.2,0.23529411764705882,328.53
6.666777779629661e-05,0.2,0.29411764705882354,304.56
6.666777779629661e-05,0.2,0.35294117647058826,309.76
6.666777779629661e-05,0.2,0.4117647058823529,301.11
6.666777779629661e-05,0.2,0.47058823529411764,296.93
6.666777779629661e-05,0.2,0.5294117647058824,299.66
6.666777779629661e-05,0.2,0.5882352941176471,313.2
6.666777779629661e-05,0.2,0.6470588235294118,311.36
6.666777779629661e-05,0.2,0.7058823529411765,287.08
6.666777779629661e-05,0.2,0.7647058823529411,305.11
6.666777779629661e-05,0.2,0.8235294117647058,298.46
6.666777779629661e-05,0.2,0.8823529411764706,317.27
6.666777779629661e-05,0.2,0.9411764705882353,285.71
6.666777779629661e-05,0.2,1.0,297.17
6.666777779629661e-05,0.4,0.0,275.71
6.666777779629661e-05,0.4,0.058823529411764705,274.63
6.666777779629661e-05,0.4,0.11764705882352941,284.11
6.666777779629661e-05,0.4,0.17647058823529413,278.51
6.666777779629661e-05,0.4,0.23529411764705882,286.71
6.666777779629661e-05,0.4,0.29411764705882354,280.4
6.666777779629661e-05,0.4,0.35294117647058826,292.4
6.666777779629661e-05,0.4,0.4117647058823529,281.64
6.666777779629661e-05,0.4,0.47058823529411764,283.37
6.666777779629661e-05,0.4,0.5294117647058824,265.12
6.666777779629661e-05,0.4,0.5882352941176471,274.04
6.666777779629661e-05,0.4,0.6470588235294118,268.8
6.666777779629661e-05,0.4,0.7058823529411765,276.68
6.666777779629661e-05,0.4,0.7647058823529411,275.51
6.666777779629661e-05,0.4,0.8235294117647058,270.7
6.666777779629661e-05,0.4,0.8823529411764706,269.82
6.666777779629661e-05,0.4,0.9411764705882353,271.16
6.666777779629661e-05,0.4,1.0,272.6
6.666777779629661e-05,0.6,0.0,271.8
6.666777779629661e-05,0.6,0.058823529411764705,255.26
6.666777779629661e-05,0.6,0.11764705882352941,287.72
6.666777779629661e-05,0.6,0.17647058823529413,287.73
6.666777779629661e-05,0.6,0.23529411764705882,281.0
6.666777779629661e-05,0.6,0.29411764705882354,278.23
6.666777779629661e-05,0.6,0.35294117647058826,275.77
6.666777779629661e-05,0.6,0.4117647058823529,278.58
6.666777779629661e-05,0.6,0.47058823529411764,287.0
6.666777779629661e-05,0.6,0.5294117647058824,268.47
6.666777779629661e-05,0.6,0.5882352941176471,275.18
6.666777779629661e-05,0.6,0.6470588235294118,265.28
6.666777779629661e-05,0.6,0.7058823529411765,269.51
6.666777779629661e-05,0.6,0.7647058823529411,258.82
6.666777779629661e-05,0.6,0.8235294117647058,261.57
6.666777779629661e-05,0.6,0.8823529411764706,260.63
6.666777779629661e-05,0.6,0.9411764705882353,262.97
6.666777779629661e-05,0.6,1.0,264.68
6.666777779629661e-05,0.8,0.0,250.78
6.666777779629661e-05,0.8,0.058823529411764705,270.05
6.666777779629661e-05,0.8,0.11764705882352941,289.44
6.666777779629661e-05,0.8,0.17647058823529413,264.45
6.666777779629661e-05,0.8,0.23529411764705882,281.69
6.666777779629661e-05,0.8,0.29411764705882354,269.73
6.666777779629661e-05,0.8,0.35294117647058826,268.57
6.666777779629661e-05,0.8,0.4117647058823529,273.92
6.666777779629661e-05,0.8,0.47058823529411764,275.18
6.666777779629661e-05,0.8,0.5294117647058824,264.16
6.666777779629661e-05,0.8,0.5882352941176471,272.71
6.666777779629661e-05,0.8,0.6470588235294118,254.21
6.666777779629661e-05,0.8,0.7058823529411765,269.75
6.666777779629661e-05,0.8,0.7647058823529411,269.41
6.666777779629661e-05,0.8,0.8235294117647058,272.57
6.666777779629661e-05,0.8,0.8823529411764706,261.41
6.666777779629661e-05,0.8,0.9411764705882353,252.32
6.666777779629661e-05,0.8,1.0,262.07
6.666777779629661e-05,1.0,0.0,271.47
6.666777779629661e-05,1.0,0.058823529411764705,259.05
6.666777779629661e-05,1.0,0.11764705882352941,277.92
6.666777779629661e-05,1.0,0.17647058823529413,273.91
6.666777779629661e-05,1.0,0.23529411764705882,270.09
6.666777779629661e-05,1.0,0.29411764705882354,278.07
6.666777779629661e-05,1.0,0.35294117647058826,266.29
6.666777779629661e-05,1.0,0.4117647058823529,288.22
6.666777779629661e-05,1.0,0.47058823529411764,274.08
6.666777779629661e-05,1.0,0.5294117647058824,280.48
6.666777779629661e-05,1.0,0.5882352941176471,266.04
6.666777779629661e-05,1.0,0.6470588235294118,270.21
6.666777779629661e-05,1.0,0.7058823529411765,273.84
6.666777779629661e-05,1.0,0.7647058823529411,258.97
6.666777779629661e-05,1.0,0.8235294117647058,265.15
6.666777779629661e-05,1.0,0.8823529411764706,260.3
6.666777779629661e-05,1.0,0.9411764705882353,255.25
6.666777779629661e-05,1.0,1.0,279.51
8.333472224537075e-05,0.0,0.0,460.76
8.333472224537075e-05,0.0,0.058823529411764705,389.89
8.333472224537075e-05,0.0,0.11764705882352941,359.44
8.333472224537075e-05,0.0,0.17647058823529413,377.32
8.333472224537075e-05,0.0,0.23529411764705882,387.19
8.333472224537075e-05,0.0,0.29411764705882354,372.84
8.333472224537075e-05,0.0,0.35294117647058826,377.65
8.333472224537075e-05,0.0,0.4117647058823529,388.29
8.333472224537075e-05,0.0,0.47058823529411764,367.29
8.333472224537075e-05,0.0,0.5294117647058824,359.01
8.333472224537075e-05,0.0,0.5882352941176471,388.94
8.333472224537075e-05,0.0,0.6470588235294118,361.8
8.333472224537075e-05,0.0,0.7058823529411765,371.37
8.333472224537075e-05,0.0,0.7647058823529411,389.19
8.333472224537075e-05,0.0,0.8235294117647058,369.36
8.333472224537075e-05,0.0,0.8823529411764706,387.85
8.333472224537075e-05,0.0,0.9411764705882353,352.52
8.333472224537075e-05,0.0,1.0,381.8
8.333472224537075e-05,0.2,0.0,330.98
8.333472224537075e-05,0.2,0.058823529411764705,304.03
8.333472224537075e-05,0.2,0.11764705882352941,312.05
8.333472224537075e-05,0.2,0.17647058823529413,337.47
8.333472224537075e-05,0.2,0.23529411764705882,306.42
8.333472224537075e-05,0.2,0.29411764705882354,320.59
8.333472224537075e-05,0.2,0.35294117647058826,322.17
8.333472224537075e-05,0.2,0.4117647058823529,310.97
8.333472224537075e-05,0.2,0.47058823529411764,304.82
8.333472224537075e-05,0.2,0.5294117647058824,303.08
8.333472224537075e-05,0.2,0.5882352941176471,313.36
8.333472224537075e-05,0.2,0.6470588235294118,299.89
8.333472224537075e-05,0.2,0.7058823529411765,305.47
8.333472224537075e-05,0.2,0.7647058823529411,290.5
8.333472224537075e-05,0.2,0.8235294117647058,294.77
8.333472224537075e-05,0.2,0.8823529411764706,301.93
8.333472224537075e-05,0.2,0.9411764705882353,315.27
8.333472224537075e-05,0.2,1.0,295.66
8.333472224537075e-05,0.4,0.0,264.8
8.333472224537075e-05,0.4,0.058823529411764705,269.94
8.333472224537075e-05,0.4,0.11764705882352941,288.43
8.333472224537075e-05,0.4,0.17647058823529413,287.42
8.333472224537075e-05,0.4,0.23529411764705882,275.09
8.333472224537075e-05,0.4,0.29411764705882354,274.52
8.333472224537075e-05,0.4,0.35294117647058826,278.01
8.333472224537075e-05,0.4,0.4117647058823529,275.95
8.333472224537075e-05,0.4,0.47058823529411764,280.95
8.333472224537075e-05,0.4,0.5294117647058824,273.26
8.333472224537075e-05,0.4,0.5882352941176471,282.02
8.333472224537075e-05,0.4,0.6470588235294118,266.89
8.333472224537075e-05,0.4,0.7058823529411765,272.13
8.333472224537075e-05,0.4,0.7647058823529411,260.05
8.333472224537075e-05,0.4,0.8235294117647058,261.05
8.333472224537075e-05,0.4,0.8823529411764706,271.32
8.333472224537075e-05,0.4,0.9411764705882353,266.35
8.333472224537075e-05,0.4,1.0,258.36
8.333472224537075e-05,0.6,0.0,263.03
8.333472224537075e-05,0.6,0.058823529411764705,266.83
8.333472224537075e-05,0.6,0.11764705882352941,279.17
8.333472224537075e-05,0.6,0.17647058823529413,298.01
8.333472224537075e-05,0.6,0.23529411764705882,271.39
8.333472224537075e-05,0.6,0.29411764705882354,272.42
8.333472224537075e-05,0.6,0.35294117647058826,273.41
8.333472224537075e-05,0.6,0.4117647058823529,271.63
8.333472224537075e-05,0.6,0.47058823529411764,284.33
8.333472224537075e-05,0.6,0.5294117647058824,281.26
8.333472224537075e-05,0.6,0.5882352941176471,262.61
8.333472224537075e-05,0.6,0.6470588235294118,252.03
8.333472224537075e-05,0.6,0.7058823529411765,257.2
8.333472224537075e-05,0.6,0.7647058823529411,269.71
8.333472224537075e-05,0.6,0.8235294117647058,255.62
8.333472224537075e-05,0.6,0.8823529411764706,266.67
8.333472224537075e-05,0.6,0.9411764705882353,260.29
8.333472224537075e-05,0.6,1.0,283.75
8.333472224537075e-05,0.8,0.0,273.75
8.333472224537075e-05,0.8,0.058823529411764705,271.26
8.333472224537075e-05,0.8,0.11764705882352941,274.99
8.333472224537075e-05,0.8,0.17647058823529413,268.48
8.333472224537075e-05,0.8,0.23529411764705882,281.52
8.333472224537075e-05,0.8,0.29411764705882354,281.72
8.333472224537075e-05,0.8,0.35294117647058826,272.39
8.333472224537075e-05,0.8,0.4117647058823529,262.39
8.333472224537075e-05,0.8,0.47058823529411764,272.84
8.333472224537075e-05,0.8,0.5294117647058824,275.11
8.333472224537075e-05,0.8,0.5882352941176471,267.52
8.333472224537075e-05,0.8,0.6470588235294118,277.47
8.333472224537075e-05,0.8,0.7058823529411765,266.21
8.333472224537075e-05,0.8,0.7647058823529411,265.37
8.333472224537075e-05,0.8,0.8235294117647058,254.69
8.333472224537075e-05,0.8,0.8823529411764706,260.32
8.333472224537075e-05,0.8,0.9411764705882353,263.96
8.333472224537075e-05,0.8,1.0,259.26
8.333472224537075e-05,1.0,0.0,263.88
8.333472224537075e-05,1.0,0.058823529411764705,268.11
8.333472224537075e-05,1.0,0.11764705882352941,281.25
8.333472224537075e-05,1.0,0.17647058823529413,265.62
8.333472224537075e-05,1.0,0.23529411764705882,275.59
8.333472224537075e-05,1.0,0.29411764705882354,274.18
8.333472224537075e-05,1.0,0.35294117647058826,267.57
8.333472224537075e-05,1.0,0.4117647058823529,271.64
8.333472224537075e-05,1.0,0.47058823529411764,272.49
8.333472224537075e-05,1.0,0.5294117647058824,264.19
8.333472224537075e-05,1.0,0.5882352941176471,267.11
8.333472224537075e-05,1.0,0.6470588235294118,264.54
8.333472224537075e-05,1.0,0.7058823529411765,258.31
8.333472224537075e-05,1.0,0.7647058823529411,267.58
8.333472224537075e-05,1.0,0.8235294117647058,263.27
8.333472224537075e-05,1.0,0.8823529411764706,269.44
8.333472224537075e-05,1.0,0.9411764705882353,263.74
8.333472224537075e-05,1.0,1.0,260.56
0.00010000166669444491,0.0,0.0,491.1
0.00010000166669444491,0.0,0.058823529411764705,392.05
0.00010000166669444491,0.0,0.11764705882352941,370.6
0.00010000166669444491,0.0,0.17647058823529413,399.57
0.00010000166669444491,0.0,0.23529411764705882,401.5
0.00010000166669444491,0.0,0.29411764705882354,355.87
0.00010000166669444491,0.0,0.35294117647058826,395.43
0.00010000166669444491,0.0,0.4117647058823529,382.54
0.00010000166669444491,0.0,0.47058823529411764,391.63
0.00010000166669444491,0.0,0.5294117647058824,379.95
0.00010000166669444491,0.0,0.5882352941176471,381.37
0.00010000166669444491,0.0,0.6470588235294118,379.7
0.00010000166669444491,0.0,0.7058823529411765,361.48
0.00010000166669444491,0.0,0.7647058823529411,381.9
0.00010000166669444491,0.0,0.8235294117647058,404.63
0.00010000166669444491,0.0,0.8823529411764706,476.81
0.00010000166669444491,0.0,0.9411764705882353,437.42
0.00010000166669444491,0.0,1.0,457.98
0.00010000166669444491,0.2,0.0,399.89
0.00010000166669444491,0.2,0.058823529411764705,358.82
0.00010000166669444491,0.2,0.11764705882352941,387.2
0.00010000166669444491,0.2,0.17647058823529413,371.5
0.00010000166669444491,0.2,0.23529411764705882,385.66
0.00010000166669444491,0.2,0.29411764705882354,380.35
0.00010000166669444491,0.2,0.35294117647058826,376.61
0.00010000166669444491,0.2,0.4117647058823529,383.54
0.00010000166669444491,0.2,0.47058823529411764,354.59
0.00010000166669444491,0.2,0.5294117647058824,375.98
0.00010000166669444491,0.2,0.5882352941176471,403.07
0.00010000166669444491,0.2,0.6470588235294118,369.84
0.00010000166669444491,0.2,0.7058823529411765,361.65
0.00010000166669444491,0.2,0.7647058823529411,384.37
0.00010000166669444491,0.2,0.8235294117647058,346.78
0.00010000166669444491,0.2,0.8823529411764706,345.89
0.00010000166669444491,0.2,0.9411764705882353,360.63
0.00010000166669444491,0.2,1.0,371.67
0.00010000166669444491,0.4,0.0,341.39
0.00010000166669444491,0.4,0.058823529411764705,328.06
0.00010000166669444491,0.4,0.11764705882352941,355.1
0.00010000166669444491,0.4,0.17647058823529413,336.91
0.00010000166669444491,0.4,0.23529411764705882,342.88
0.00010000166669444491,0.4,0.29411764705882354,336.58
0.00010000166669444491,0.4,0.35294117647058826,329.8
0.00010000166669444491,0.4,0.4117647058823529,316.95
0.00010000166669444491,0.4,0.47058823529411764,325.83
0.00010000166669444491,0.4,0.5294117647058824,327.22
0.00010000166669444491,0.4,0.5882352941176471,327.69
0.00010000166669444491,0.4,0.6470588235294118,329.98
0.00010000166669444491,0.4,0.7058823529411765,317.33
0.00010000166669444491,0.4,0.7647058823529411,306.21
0.00010000166669444491,0.4,0.8235294117647058,327.91
0.00010000166669444491,0.4,0.8823529411764706,327.48
0.00010000166669444491,0.4,0.9411764705882353,331.15
0.00010000166669444491,0.4,1.0,307.45
0.00010000166669444491,0.6,0.0,318.18
0.00010000166669444491,0.6,0.058823529411764705,305.6
0.00010000166669444491,0.6,0.11764705882352941,346.67
0.00010000166669444491,0.6,0.17647058823529413,341.81
0.00010000166669444491,0.6,0.23529411764705882,334.48
0.00010000166669444491,0.6,0.29411764705882354,331.84
0.00010000166669444491,0.6,0.35294117647058826,339.26
0.00010000166669444491,0.6,0.4117647058823529,336.47
0.00010000166669444491,0.6,0.47058823529411764,335.19
0.00010000166669444491,0.6,0.5294117647058824,339.83
0.00010000166669444491,0.6,0.5882352941176471,322.46
0.00010000166669444491,0.6,0.6470588235294118,310.59
0.00010000166669444491,0.6,0.7058823529411765,337.84
0.00010000166669444491,0.6,0.7647058823529411,294.81
0.00010000166669444491,0.6,0.8235294117647058,326.32
0.00010000166669444491,0.6,0.8823529411764706,317.87
0.00010000166669444491,0.6,0.9411764705882353,335.14
0.00010000166669444491,0.6,1.0,325.02
0.00010000166669444491,0.8,0.0,372.18
0.00010000166669444491,0.8,0.058823529411764705,360.56
0.00010000166669444491,0.8,0.11764705882352941,419.95
0.00010000166669444491,0.8,0.17647058823529413,370.5
0.00010000166669444491,0.8,0.23529411764705882,369.35
0.00010000166669444491,0.8,0.29411764705882354,382.85
0.00010000166669444491,0.8,0.35294117647058826,371.9
0.00010000166669444491,0.8,0.4117647058823529,401.13
0.00010000166669444491,0.8,0.47058823529411764,416.07
0.00010000166669444491,0.8,0.5294117647058824,399.98
0.00010000166669444491,0.8,0.5882352941176471,375.23
0.00010000166669444491,0.8,0.6470588235294118,410.13
0.00010000166669444491,0.8,0.7058823529411765,368.45
0.00010000166669444491,0.8,0.7647058823529411,369.69
0.00010000166669444491,0.8,0.8235294117647058,410.51
0.00010000166669444491,0.8,0.8823529411764706,380.6
0.00010000166669444491,0.8,0.9411764705882353,360.89
0.00010000166669444491,0.8,1.0,404.48
0.00010000166669444491,1.0,0.0,399.98
0.00010000166669444491,1.0,0.058823529411764705,355.87
0.00010000166669444491,1.0,0.11764705882352941,377.44
0.00010000166669444491,1.0,0.17647058823529413,400.62
0.00010000166669444491,1.0,0.23529411764705882,404.31
0.00010000166669444491,1.0,0.29411764705882354,373.89
0.00010000166669444491,1.0,0.35294117647058826,372.65
0.00010000166669444491,1.0,0.4117647058823529,374.47
0.00010000166669444491,1.0,0.47058823529411764,374.65
0.00010000166669444491,1.0,0.5294117647058824,370.1
0.00010000166669444491,1.0,0.5882352941176471,363.71
0.00010000166669444491,1.0,0.6470588235294118,385.29
0.00010000166669444491,1.0,0.7058823529411765,382.68
0.00010000166669444491,1.0,0.7647058823529411,374.54
0.00010000166669444491,1.0,0.8235294117647058,359.26
0.00010000166669444491,1.0,0.8823529411764706,363.6
0.00010000166669444491,1.0,0.9411764705882353,353.32
0.00010000166669444491,1.0,1.0,374.69
0.00011666861114351905,0.0,0.0,740.36
0.00011666861114351905,0.0,0.058823529411764705,554.09
0.00011666861114351905,0.0,0.11764705882352941,568.33
0.00011666861114351905,0.0,0.17647058823529413,608.24
0.00011666861114351905,0.0,0.23529411764705882,540.91
0.00011666861114351905,0.0,0.29411764705882354,543.01
0.00011666861114351905,0.0,0.35294117647058826,535.6
0.00011666861114351905,0.0,0.4117647058823529,573.08
0.00011666861114351905,0.0,0.47058823529411764,526.39
0.00011666861114351905,0.0,0.5294117647058824,556.34
0.00011666861114351905,0.0,0.5882352941176471,529.58
0.00011666861114351905,0.0,0.6470588235294118,525.78
0.00011666861114351905,0.0,0.7058823529411765,544.42
0.00011666861114351905,0.0,0.7647058823529411,589.89
0.00011666861114351905,0.0,0.8235294117647058,534.23
0.00011666861114351905,0.0,0.8823529411764706,539.64
0.00011666861114351905,0.0,0.9411764705882353,484.75
0.00011666861114351905,0.0,1.0,528.02
0.00011666861114351905,0.2,0.0,477.91
0.00011666861114351905,0.2,0.058823529411764705,417.29
0.00011666861114351905,0.2,0.11764705882352941,426.86
0.00011666861114351905,0.2,0.17647058823529413,454.06
0.00011666861114351905,0.2,0.23529411764705882,450.49
0.00011666861114351905,0.2,0.29411764705882354,417.35
0.00011666861114351905,0.2,0.35294117647058826,445.12
0.00011666861114351905,0.2,0.4117647058823529,420.59
0.00011666861114351905,0.2,0.47058823529411764,430.83
0.00011666861114351905,0.2,0.5294117647058824,422.44
0.00011666861114351905,0.2,0.5882352941176471,439.61
0.00011666861114351905,0.2,0.6470588235294118,462.44
0.00011666861114351905,0.2,0.7058823529411765,398.52
0.00011666861114351905,0.2,0.7647058823529411,443.31
0.00011666861114351905,0.2,0.8235294117647058,426.95
0.00011666861114351905,0.2,0.8823529411764706,416.42
0.00011666861114351905,0.2,0.9411764705882353,413.09
0.00011666861114351905,0.2,1.0,442.44
0.00011666861114351905,0.4,0.0,362.41
0.00011666861114351905,0.4,0.058823529411764705,364.9
0.00011666861114351905,0.4,0.11764705882352941,391.67
0.00011666861114351905,0.4,0.17647058823529413,375.94
0.00011666861114351905,0.4,0.23529411764705882,410.05
0.00011666861114351905,0.4,0.29411764705882354,403.35
0.00011666861114351905,0.4,0.35294117647058826,388.83
0.00011666861114351905,0.4,0.4117647058823529,390.34
0.00011666861114351905,0.4,0.47058823529411764,407.85
0.00011666861114351905,0.4,0.5294117647058824,365.17
0.00011666861114351905,0.4,0.5882352941176471,384.06
0.00011666861114351905,0.4,0.6470588235294118,392.83
0.00011666861114351905,0.4,0.7058823529411765,400.13
0.00011666861114351905,0.4,0.7647058823529411,368.14
0.00011666861114351905,0.4,0.8235294117647058,382.54
0.00011666861114351905,0.4,0.8823529411764706,355.22
0.00011666861114351905,0.4,0.9411764705882353,386.8
0.00011666861114351905,0.4,1.0,356.16
0.00011666861114351905,0.6,0.0,362.46
0.00011666861114351905,0.6,0.058823529411764705,357.75
0.00011666861114351905,0.6,0.11764705882352941,371.52
0.00011666861114351905,0.6,0.17647058823529413,382.23
0.00011666861114351905,0.6,0.23529411764705882,378.73
0.00011666861114351905,0.6,0.29411764705882354,395.36
0.00011666861114351905,0.6,0.35294117647058826,378.13
0.00011666861114351905,0.6,0.4117647058823529,403.1
0.00011666861114351905,0.6,0.47058823529411764,392.38
0.00011666861114351905,0.6,0.5294117647058824,355.99
0.00011666861114351905,0.6,0.5882352941176471,360.69
0.00011666861114351905,0.6,0.6470588235294118,381.96
0.00011666861114351905,0.6,0.7058823529411765,378.77
0.00011666861114351905,0.6,0.7647058823529411,366.85
0.00011666861114351905,0.6,0.8235294117647058,378.03
0.00011666861114351905,0.6,0.8823529411764706,364.01
0.00011666861114351905,0.6,0.9411764705882353,373.47
0.00011666861114351905,0.6,1.0,382.98
0.00011666861114351905,0.8,0.0,357.96
0.00011666861114351905,0.8,0.058823529411764705,397.46
0.00011666861114351905,0.8,0.11764705882352941,388.87
0.00011666861114351905,0.8,0.17647058823529413,376.7
0.00011666861114351905,0.8,0.23529411764705882,394.88
0.00011666861114351905,0.8,0.29411764705882354,372.92
0.00011666861114351905,0.8,0.35294117647058826,404.84
0.00011666861114351905,0.8,0.4117647058823529,365.33
0.00011666861114351905,0.8,0.47058823529411764,366.69
0.00011666861114351905,0.8,0.5294117647058824,388.55
0.00011666861114351905,0.8,0.5882352941176471,365.83
0.00011666861114351905,0.8,0.6470588235294118,382.37
0.00011666861114351905,0.8,0.7058823529411765,368.78
0.00011666861114351905,0.8,0.7647058823529411,376.65
0.00011666861114351905,0.8,0.8235294117647058,388.28
0.00011666861114351905,0.8,0.8823529411764706,382.14
0.00011666861114351905,0.8,0.9411764705882353,350.82
0.00011666861114351905,0.8,1.0,372.21
0.00011666861114351905,1.0,0.0,366.1
0.00011666861114351905,1.0,0.058823529411764705,386.96
0.00011666861114351905,1.0,0.11764705882352941,375.6
0.00011666861114351905,1.0,0.17647058823529413,366.91
0.00011666861114351905,1.0,0.23529411764705882,389.1
0.00011666861114351905,1.0,0.29411764705882354,392.25
0.00011666861114351905,1.0,0.35294117647058826,369.64
0.00011666861114351905,1.0,0.4117647058823529,359.28
0.00011666861114351905,1.0,0.47058823529411764,407.4
0.00011666861114351905,1.0,0.5294117647058824,392.88
0.00011666861114351905,1.0,0.5882352941176471,372.32
0.00011666861114351905,1.0,0.6470588235294118,384.27
0.00011666861114351905,1.0,0.7058823529411765,413.68
0.00011666861114351905,1.0,0.7647058823529411,361.53
0.00011666861114351905,1.0,0.8235294117647058,394.87
0.00011666861114351905,1.0,0.8823529411764706,365.47
0.00011666861114351905,1.0,0.9411764705882353,364.64
0.00011666861114351905,1.0,1.0,471.78
0.00013333555559259322,0.0,0.0,637.95
0.00013333555559259322,0.0,0.058823529411764705,562.96
0.00013333555559259322,0.0,0.11764705882352941,538.95
0.00013333555559259322,0.0,0.17647058823529413,548.2
0.00013333555559259322,0.0,0.23529411764705882,589.18
0.00013333555559259322,0.0,0.29411764705882354,537.63
0.00013333555559259322,0.0,0.35294117647058826,513.28
0.00013333555559259322,0.0,0.4117647058823529,508.07
0.00013333555559259322,0.0,0.47058823529411764,538.09
0.00013333555559259322,0.0,0.5294117647058824,549.03
0.00013333555559259322,0.0,0.5882352941176471,571.32
0.00013333555559259322,0.0,0.6470588235294118,525.88
0.00013333555559259322,0.0,0.7058823529411765,573.46
0.00013333555559259322,0.0,0.7647058823529411,556.11
0.00013333555559259322,0.0,0.8235294117647058,544.7
0.00013333555559259322,0.0,0.8823529411764706,529.94
0.00013333555559259322,0.0,0.9411764705882353,538.3
0.00013333555559259322,0.0,1.0,530.6
0.00013333555559259322,0.2,0.0,457.16
0.00013333555559259322,0.2,0.058823529411764705,407.95
0.00013333555559259322,0.2,0.11764705882352941,417.25
0.00013333555559259322,0.2,0.17647058823529413,454.63
0.00013333555559259322,0.2,0.23529411764705882,438.17
0.00013333555559259322,0.2,0.29411764705882354,421.18
0.00013333555559259322,0.2,0.35294117647058826,410.15
0.00013333555559259322,0.2,0.4117647058823529,403.37
0.00013333555559259322,0.2,0.47058823529411764,452.85
0.00013333555559259322,0.2,0.5294117647058824,451.39
0.00013333555559259322,0.2,0.5882352941176471,415.09
0.00013333555559259322,0.2,0.6470588235294118,387.82
0.00013333555559259322,0.2,0.7058823529411765,390.28
0.00013333555559259322,0.2,0.7647058823529411,416.57
0.00013333555559259322,0.2,0.8235294117647058,417.83
0.00013333555559259322,0.2,0.8823529411764706,417.48
0.00013333555559259322,0.2,0.9411764705882353,404.93
0.00013333555559259322,0.2,1.0,445.1
0.00013333555559259322,0.4,0.0,367.32
0.00013333555559259322,0.4,0.058823529411764705,395.01
0.00013333555559259322,0.4,0.11764705882352941,391.52
0.00013333555559259322,0.4,0.17647058823529413,385.35
0.00013333555559259322,0.4,0.23529411764705882,390.48
0.00013333555559259322,0.4,0.29411764705882354,432.48
0.00013333555559259322,0.4,0.35294117647058826,382.33
0.00013333555559259322,0.4,0.4117647058823529,397.56
0.00013333555559259322,0.4,0.47058823529411764,396.82
0.00013333555559259322,0.4,0.5294117647058824,390.79
0.00013333555559259322,0.4,0.5882352941176471,360.24
0.00013333555559259322,0.4,0.6470588235294118,388.34
0.00013333555559259322,0.4,0.7058823529411765,413.89
0.00013333555559259322,0.4,0.7647058823529411,371.29
0.00013333555559259322,0.4,0.8235294117647058,395.16
0.00013333555559259322,0.4,0.8823529411764706,385.45
0.00013333555559259322,0.4,0.9411764705882353,383.5
0.00013333555559259322,0.4,1.0,367.56
0.00013333555559259322,0.6,0.0,337.94
0.00013333555559259322,0.6,0.058823529411764705,346.67
0.00013333555559259322,0.6,0.11764705882352941,381.54
0.00013333555559259322,0.6,0.17647058823529413,389.26
0.00013333555559259322,0.6,0.23529411764705882,395.26
0.00013333555559259322,0.6,0.29411764705882354,383.26
0.00013333555559259322,0.6,0.35294117647058826,381.68
0.00013333555559259322,0.6,0.4117647058823529,368.5
0.00013333555559259322,0.6,0.47058823529411764,368.16
0.00013333555559259322,0.6,0.5294117647058824,375.42
0.00013333555559259322,0.6,0.5882352941176471,362.23
0.00013333555559259322,0.6,0.6470588235294118,377.95
0.00013333555559259322,0.6,0.7058823529411765,379.63
0.00013333555559259322,0.6,0.7647058823529411,355.27
0.00013333555559259322,0.6,0.8235294117647058,358.85
0.00013333555559259322,0.6,0.8823529411764706,356.45
0.00013333555559259322,0.6,0.9411764705882353,387.93
0.00013333555559259322,0.6,1.0,371.81
0.00013333555559259322,0.8,0.0,391.93
0.00013333555559259322,0.8,0.058823529411764705,375.17
0.00013333555559259322,0.8,0.11764705882352941,362.17
0.00013333555559259322,0.8,0.17647058823529413,381.7
0.00013333555559259322,0.8,0.23529411764705882,358.84
0.00013333555559259322,0.8,0.29411764705882354,389.9
0.00013333555559259322,0.8,0.35294117647058826,356.3
0.00013333555559259322,0.8,0.4117647058823529,376.87
0.00013333555559259322,0.8,0.47058823529411764,382.96
0.00013333555559259322,0.8,0.5294117647058824,354.08
0.00013333555559259322,0.8,0.5882352941176471,369.76
0.00013333555559259322,0.8,0.6470588235294118,359.75
0.00013333555559259322,0.8,0.7058823529411765,378.22
0.00013333555559259322,0.8,0.7647058823529411,367.8
0.00013333555559259322,0.8,0.8235294117647058,378.53
0.00013333555559259322,0.8,0.8823529411764706,367.32
0.00013333555559259322,0.8,0.9411764705882353,375.95
0.00013333555559259322,0.8,1.0,355.01
0.00013333555559259322,1.0,0.0,346.68
0.00013333555559259322,1.0,0.058823529411764705,361.39
0.00013333555559259322,1.0,0.11764705882352941,400.69
0.00013333555559259322,1.0,0.17647058823529413,366.67
0.00013333555559259322,1.0,0.23529411764705882,377.06
0.00013333555559259322,1.0,0.29411764705882354,405.34
0.00013333555559259322,1.0,0.35294117647058826,369.73
0.00013333555559259322,1.0,0.4117647058823529,357.59
0.00013333555559259322,1.0,0.47058823529411764,384.38
0.00013333555559259322,1.0,0.5294117647058824,374.56
0.00013333555559259322,1.0,0.5882352941176471,365.48
0.00013333555559259322,1.0,0.6470588235294118,359.28
0.00013333555559259322,1.0,0.7058823529411765,387.58
0.00013333555559259322,1.0,0.7647058823529411,374.6
0.00013333555559259322,1.0,0.8235294117647058,391.86
0.00013333555559259322,1.0,0.8823529411764706,361.55
0.00013333555559259322,1.0,0.9411764705882353,357.19
0.00013333555559259322,1.0,1.0,385.7
0.00015000250004166735,0.0,0.0,585.12
0.00015000250004166735,0.0,0.058823529411764705,546.22
0.00015000250004166735,0.0,0.11764705882352941,519.78
0.00015000250004166735,0.0,0.17647058823529413,518.43
0.00015000250004166735,0.0,0.23529411764705882,540.02
0.00015000250004166735,0.0,0.29411764705882354,522.96
0.00015000250004166735,0.0,0.35294117647058826,534.47
0.00015000250004166735,0.0,0.4117647058823529,501.27
0.00015000250004166735,0.0,0.47058823529411764,511.29
0.00015000250004166735,0.0,0.5294117647058824,547.24
0.00015000250004166735,0.0,0.5882352941176471,550.86
0.00015000250004166735,0.0,0.6470588235294118,524.8
0.00015000250004166735,0.0,0.7058823529411765,560.1
0.00015000250004166735,0.0,0.7647058823529411,557.79
0.00015000250004166735,0.0,0.8235294117647058,550.29
0.00015000250004166735,0.0,0.8823529411764706,519.18
0.00015000250004166735,0.0,0.9411764705882353,495.55
0.00015000250004166735,0.0,1.0,582.79
0.00015000250004166735,0.2,0.0,456.87
0.00015000250004166735,0.2,0.058823529411764705,439.43
0.00015000250004166735,0.2,0.11764705882352941,466.67
0.00015000250004166735,0.2,0.17647058823529413,438.82
0.00015000250004166735,0.2,0.23529411764705882,426.45
0.00015000250004166735,0.2,0.29411764705882354,446.61
0.00015000250004166735,0.2,0.35294117647058826,404.14
0.00015000250004166735,0.2,0.4117647058823529,414.13
0.00015000250004166735,0.2,0.47058823529411764,395.56
0.00015000250004166735,0.2,0.5294117647058824,425.57
0.00015000250004166735,0.2,0.5882352941176471,401.23
0.00015000250004166735,0.2,0.6470588235294118,415.0
0.00015000250004166735,0.2,0.7058823529411765,410.95
0.00015000250004166735,0.2,0.7647058823529411,427.18
0.00015000250004166735,0.2,0.8235294117647058,405.71
0.00015000250004166735,0.2,0.8823529411764706,435.93
0.00015000250004166735,0.2,0.9411764705882353,410.92
0.00015000250004166735,0.2,1.0,448.59
0.00015000250004166735,0.4,0.0,359.99
0.00015000250004166735,0.4,0.058823529411764705,361.41
0.00015000250004166735,0.4,0.11764705882352941,376.83
0.00015000250004166735,0.4,0.17647058823529413,386.58
0.00015000250004166735,0.4,0.23529411764705882,391.28
0.00015000250004166735,0.4,0.29411764705882354,380.23
0.00015000250004166735,0.4,0.35294117647058826,374.79
0.00015000250004166735,0.4,0.4117647058823529,375.03
0.00015000250004166735,0.4,0.47058823529411764,424.21
0.00015000250004166735,0.4,0.5294117647058824,359.27
0.00015000250004166735,0.4,0.5882352941176471,350.4
0.00015000250004166735,0.4,0.6470588235294118,370.35
0.00015000250004166735,0.4,0.7058823529411765,357.52
0.00015000250004166735,0.4,0.7647058823529411,369.39
0.00015000250004166735,0.4,0.8235294117647058,364.48
0.00015000250004166735,0.4,0.8823529411764706,360.08
0.00015000250004166735,0.4,0.9411764705882353,374.46
0.00015000250004166735,0.4,1.0,369.69
0.00015000250004166735,0.6,0.0,360.21
0.00015000250004166735,0.6,0.058823529411764705,353.3
0.00015000250004166735,0.6,0.11764705882352941,375.43
0.00015000250004166735,0.6,0.17647058823529413,412.73
0.00015000250004166735,0.6,0.23529411764705882,413.38
0.00015000250004166735,0.6,0.29411764705882354,375.2
0.00015000250004166735,0.6,0.35294117647058826,370.41
0.00015000250004166735,0.6,0.4117647058823529,376.82
0.00015000250004166735,0.6,0.47058823529411764,361.33
0.00015000250004166735,0.6,0.5294117647058824,376.25
0.00015000250004166735,0.6,0.5882352941176471,364.49
0.00015000250004166735,0.6,0.6470588235294118,355.59
0.00015000250004166735,0.6,0.7058823529411765,368.39
0.00015000250004166735,0.6,0.7647058823529411,372.25
0.00015000250004166735,0.6,0.8235294117647058,375.34
0.00015000250004166735,0.6,0.8823529411764706,402.22
0.00015000250004166735,0.6,0.9411764705882353,353.39
0.00015000250004166735,0.6,1.0,368.3
0.00015000250004166735,0.8,0.0,359.96
0.00015000250004166735,0.8,0.058823529411764705,372.5
0.00015000250004166735,0.8,0.11764705882352941,409.28
0.00015000250004166735,0.8,0.17647058823529413,385.51
0.00015000250004166735,0.8,0.23529411764705882,390.77
0.00015000250004166735,0.8,0.29411764705882354,376.75
0.00015000250004166735,0.8,0.35294117647058826,393.83
0.00015000250004166735,0.8,0.4117647058823529,365.3
0.00015000250004166735,0.8,0.47058823529411764,385.89
0.00015000250004166735,0.8,0.5294117647058824,380.02
0.00015000250004166735,0.8,0.5882352941176471,350.41
0.00015000250004166735,0.8,0.6470588235294118,387.88
0.00015000250004166735,0.8,0.7058823529411765,369.21
0.00015000250004166735,0.8,0.7647058823529411,373.32
0.00015000250004166735,0.8,0.8235294117647058,374.31
0.00015000250004166735,0.8,0.8823529411764706,371.55
0.00015000250004166735,0.8,0.9411764705882353,353.13
0.00015000250004166735,0.8,1.0,367.3
0.00015000250004166735,1.0,0.0,366.0
0.00015000250004166735,1.0,0.058823529411764705,348.41
0.00015000250004166735,1.0,0.11764705882352941,381.73
0.00015000250004166735,1.0,0.17647058823529413,382.0
0.00015000250004166735,1.0,0.23529411764705882,394.8
0.00015000250004166735,1.0,0.29411764705882354,375.38
0.00015000250004166735,1.0,0.35294117647058826,371.48
0.00015000250004166735,1.0,0.4117647058823529,360.4
0.00015000250004166735,1.0,0.47058823529411764,346.65
0.00015000250004166735,1.0,0.5294117647058824,382.87
0.00015000250004166735,1.0,0.5882352941176471,365.4
0.00015000250004166735,1.0,0.6470588235294118,391.92
0.00015000250004166735,1.0,0.7058823529411765,351.3
0.00015000250004166735,1.0,0.7647058823529411,375.86
0.00015000250004166735,1.0,0.8235294117647058,358.58
0.00015000250004166735,1.0,0.8823529411764706,382.6
0.00015000250004166735,1.0,0.9411764705882353,345.81
0.00015000250004166735,1.0,1.0,384.63
0.0016500275004583409,0.0,0.0,639.61
0.0016500275004583409,0.0,0.058823529411764705,596.62
0.0016500275004583409,0.0,0.11764705882352941,550.13
0.0016500275004583409,0.0,0.17647058823529413,549.48
0.0016500275004583409,0.0,0.23529411764705882,568.95
0.0016500275004583409,0.0,0.29411764705882354,522.14
0.0016500275004583409,0.0,0.35294117647058826,520.9
0.0016500275004583409,0.0,0.4117647058823529,568.92
0.0016500275004583409,0.0,0.47058823529411764,511.14
0.0016500275004583409,0.0,0.5294117647058824,528.6
0.0016500275004583409,0.0,0.5882352941176471,577.44
0.0016500275004583409,0.0,0.6470588235294118,583.87
0.0016500275004583409,0.0,0.7058823529411765,537.51
0.0016500275004583409,0.0,0.7647058823529411,550.94
0.0016500275004583409,0.0,0.8235294117647058,551.87
0.0016500275004583409,0.0,0.8823529411764706,547.44
0.0016500275004583409,0.0,0.9411764705882353,540.26
0.0016500275004583409,0.0,1.0,522.02
0.0016500275004583409,0.2,0.0,460.2
0.0016500275004583409,0.2,0.058823529411764705,425.4
0.0016500275004583409,0.2,0.11764705882352941,444.72
0.0016500275004583409,0.2,0.17647058823529413,442.61
0.0016500275004583409,0.2,0.23529411764705882,444.72
0.0016500275004583409,0.2,0.29411764705882354,434.14
0.0016500275004583409,0.2,0.35294117647058826,457.43
0.0016500275004583409,0.2,0.4117647058823529,421.88
0.0016500275004583409,0.2,0.47058823529411764,441.36
0.0016500275004583409,0.2,0.5294117647058824,453.08
0.0016500275004583409,0.2,0.5882352941176471,446.44
0.0016500275004583409,0.2,0.6470588235294118,414.47
0.0016500275004583409,0.2,0.7058823529411765,429.22
0.0016500275004583409,0.2,0.7647058823529411,445.24
0.0016500275004583409,0.2,0.8235294117647058,439.59
0.0016500275004583409,0.2,0.8823529411764706,420.13
0.0016500275004583409,0.2,0.9411764705882353,439.2
0.0016500275004583409,0.2,1.0,440.93
0.0016500275004583409,0.4,0.0,375.9
0.0016500275004583409,0.4,0.058823529411764705,414.18
0.0016500275004583409,0.4,0.11764705882352941,391.63
0.0016500275004583409,0.4,0.17647058823529413,372.5
0.0016500275004583409,0.4,0.23529411764705882,397.11
0.0016500275004583409,0.4,0.29411764705882354,389.28
0.0016500275004583409,0.4,0.35294117647058826,388.21
0.0016500275004583409,0.4,0.4117647058823529,384.43
0.0016500275004583409,0.4,0.47058823529411764,406.98
0.0016500275004583409,0.4,0.5294117647058824,386.09
0.0016500275004583409,0.4,0.5882352941176471,387.18
0.0016500275004583409,0.4,0.6470588235294118,390.13
0.0016500275004583409,0.4,0.7058823529411765,381.3
0.0016500275004583409,0.4,0.7647058823529411,379.48
0.0016500275004583409,0.4,0.8235294117647058,379.65
0.0016500275004583409,0.4,0.8823529411764706,383.55
0.0016500275004583409,0.4,0.9411764705882353,367.3
0.0016500275004583409,0.4,1.0,376.79
0.0016500275004583409,0.6,0.0,366.3
0.0016500275004583409,0.6,0.058823529411764705,347.13
0.0016500275004583409,0.6,0.11764705882352941,388.86
0.0016500275004583409,0.6,0.17647058823529413,388.17
0.0016500275004583409,0.6,0.23529411764705882,380.37
0.0016500275004583409,0.6,0.29411764705882354,450.14
0.0016500275004583409,0.6,0.35294117647058826,380.66
0.0016500275004583409,0.6,0.4117647058823529,375.24
0.0016500275004583409,0.6,0.47058823529411764,417.35
0.0016500275004583409,0.6,0.5294117647058824,393.01
0.0016500275004583409,0.6,0.5882352941176471,378.28
0.0016500275004583409,0.6,0.6470588235294118,377.41
0.0016500275004583409,0.6,0.7058823529411765,370.65
0.0016500275004583409,0.6,0.7647058823529411,383.52
0.0016500275004583409,0.6,0.8235294117647058,390.56
0.0016500275004583409,0.6,0.8823529411764706,377.11
0.0016500275004583409,0.6,0.9411764705882353,367.86
0.0016500275004583409,0.6,1.0,367.68
0.0016500275004583409,0.8,0.0,362.79
0.0016500275004583409,0.8,0.058823529411764705,355.37
0.0016500275004583409,0.8,0.11764705882352941,377.09
0.0016500275004583409,0.8,0.17647058823529413,393.47
0.0016500275004583409,0.8,0.23529411764705882,406.98
0.0016500275004583409,0.8,0.29411764705882354,376.8
0.0016500275004583409,0.8,0.35294117647058826,370.68
0.0016500275004583409,0.8,0.4117647058823529,382.57
0.0016500275004583409,0.8,0.47058823529411764,397.66
0.0016500275004583409,0.8,0.5294117647058824,374.49
0.0016500275004583409,0.8,0.5882352941176471,387.21
0.0016500275004583409,0.8,0.6470588235294118,389.86
0.0016500275004583409,0.8,0.7058823529411765,366.68
0.0016500275004583409,0.8,0.7647058823529411,358.72
0.0016500275004583409,0.8,0.8235294117647058,362.12
0.0016500275004583409,0.8,0.8823529411764706,368.36
0.0016500275004583409,0.8,0.9411764705882353,372.95
0.0016500275004583409,0.8,1.0,371.02
0.0016500275004583409,1.0,0.0,374.97
0.0016500275004583409,1.0,0.058823529411764705,380.58
0.0016500275004583409,1.0,0.11764705882352941,389.48
0.0016500275004583409,1.0,0.17647058823529413,377.57
0.0016500275004583409,1.0,0.23529411764705882,381.31
0.0016500275004583409,1.0,0.29411764705882354,412.97
0.0016500275004583409,1.0,0.35294117647058826,370.97
0.0016500275004583409,1.0,0.4117647058823529,373.41
0.0016500275004583409,1.0,0.47058823529411764,385.3
0.0016500275004583409,1.0,0.5294117647058824,381.79
0.0016500275004583409,1.0,0.5882352941176471,378.19
0.0016500275004583409,1.0,0.6470588235294118,365.3
0.0016500275004583409,1.0,0.7058823529411765,377.58
0.0016500275004583409,1.0,0.7647058823529411,383.29
0.0016500275004583409,1.0,0.8235294117647058,368.88
0.0016500275004583409,1.0,0.8823529411764706,372.15
0.0016500275004583409,1.0,0.9411764705882353,358.61
0.0016500275004583409,1.0,1.0,393.93
0.016650277504625076,0.0,0.0,1114.4
0.016650277504625076,0.0,0.058823529411764705,1076.2
0.016650277504625076,0.0,0.11764705882352941,1057.3
0.016650277504625076,0.0,0.17647058823529413,1076.5
0.016650277504625076,0.0,0.23529411764705882,1077.8
0.016650277504625076,0.0,0.29411764705882354,1126.5
0.016650277504625076,0.0,0.35294117647058826,1055.2
0.016650277504625076,0.0,0.4117647058823529,1051.3
0.016650277504625076,0.0,0.47058823529411764,1089.3
0.016650277504625076,0.0,0.5294117647058824,1036.6
0.016650277504625076,0.0,0.5882352941176471,1110.0
0.016650277504625076,0.0,0.6470588235294118,1096.9
0.016650277504625076,0.0,0.7058823529411765,1043.1
0.016650277504625076,0.0,0.7647058823529411,1013.5
0.016650277504625076,0.0,0.8235294117647058,1024.5
0.016650277504625076,0.0,0.8823529411764706,1079.6
0.016650277504625076,0.0,0.9411764705882353,1030.1
0.016650277504625076,0.0,1.0,1010.6
0.016650277504625076,0.2,0.0,989.7
0.016650277504625076,0.2,0.058823529411764705,1010.0
0.016650277504625076,0.2,0.11764705882352941,1055.2
0.016650277504625076,0.2,0.17647058823529413,1051.5
0.016650277504625076,0.2,0.23529411764705882,1023.9
0.016650277504625076,0.2,0.29411764705882354,1013.3
0.016650277504625076,0.2,0.35294117647058826,1001.1
0.016650277504625076,0.2,0.4117647058823529,958.33
0.016650277504625076,0.2,0.47058823529411764,1000.9
0.016650277504625076,0.2,0.5294117647058824,1050.5
0.016650277504625076,0.2,0.5882352941176471,989.08
0.016650277504625076,0.2,0.6470588235294118,1031.9
0.016650277504625076,0.2,0.7058823529411765,984.7
0.016650277504625076,0.2,0.7647058823529411,975.72
0.016650277504625076,0.2,0.8235294117647058,981.25
0.016650277504625076,0.2,0.8823529411764706,1004.8
0.016650277504625076,0.2,0.9411764705882353,978.96
0.016650277504625076,0.2,1.0,1076.1
0.016650277504625076,0.4,0.0,954.29
0.016650277504625076,0.4,0.058823529411764705,940.2
0.016650277504625076,0.4,0.11764705882352941,1156.3
0.016650277504625076,0.4,0.17647058823529413,982.38
0.016650277504625076,0.4,0.23529411764705882,988.62
0.016650277504625076,0.4,0.29411764705882354,1015.6
0.016650277504625076,0.4,0.35294117647058826,949.04
0.016650277504625076,0.4,0.4117647058823529,969.69
0.016650277504625076,0.4,0.47058823529411764,1017.1
0.016650277504625076,0.4,0.5294117647058824,956.06
0.016650277504625076,0.4,0.5882352941176471,934.03
0.016650277504625076,0.4,0.6470588235294118,1001.5
0.016650277504625076,0.4,0.7058823529411765,954.4
0.016650277504625076,0.4,0.7647058823529411,962.26
0.016650277504625076,0.4,0.8235294117647058,976.45
0.016650277504625076,0.4,0.8823529411764706,933.95
0.016650277504625076,0.4,0.9411764705882353,982.15
0.016650277504625076,0.4,1.0,953.74
0.016650277504625076,0.6,0.0,928.29
0.016650277504625076,0.6,0.058823529411764705,1005.3
0.016650277504625076,0.6,0.11764705882352941,973.04
0.016650277504625076,0.6,0.17647058823529413,977.67
0.016650277504625076,0.6,0.23529411764705882,974.52
0.016650277504625076,0.6,0.29411764705882354,962.56
0.016650277504625076,0.6,0.35294117647058826,938.07
0.016650277504625076,0.6,0.4117647058823529,955.41
0.016650277504625076,0.6,0.47058823529411764,967.06
0.016650277504625076,0.6,0.5294117647058824,965.63
0.016650277504625076,0.6,0.5882352941176471,979.43
0.016650277504625076,0.6,0.6470588235294118,957.35
0.016650277504625076,0.6,0.7058823529411765,966.15
0.016650277504625076,0.6,0.7647058823529411,940.57
0.016650277504625076,0.6,0.8235294117647058,957.99
0.016650277504625076,0.6,0.8823529411764706,929.35
0.016650277504625076,0.6,0.9411764705882353,946.0
0.016650277504625076,0.6,1.0,925.8
0.016650277504625076,0.8,0.0,949.02
0.016650277504625076,0.8,0.058823529411764705,943.22
0.016650277504625076,0.8,0.11764705882352941,1002.6
0.016650277504625076,0.8,0.17647058823529413,957.64
0.016650277504625076,0.8,0.23529411764705882,1013.9
0.016650277504625076,0.8,0.29411764705882354,967.65
0.016650277504625076,0.8,0.35294117647058826,982.62
0.016650277504625076,0.8,0.4117647058823529,951.19
0.016650277504625076,0.8,0.47058823529411764,928.52
0.016650277504625076,0.8,0.5294117647058824,946.04
0.016650277504625076,0.8,0.5882352941176471,950.65
0.016650277504625076,0.8,0.6470588235294118,962.53
0.016650277504625076,0.8,0.7058823529411765,965.29
0.016650277504625076,0.8,0.7647058823529411,923.75
0.016650277504625076,0.8,0.8235294117647058,982.59
0.016650277504625076,0.8,0.8823529411764706,929.39
0.016650277504625076,0.8,0.9411764705882353,921.41
0.016650277504625076,0.8,1.0,910.83
0.016650277504625076,1.0,0.0,965.56
0.016650277504625076,1.0,0.058823529411764705,958.99
0.016650277504625076,1.0,0.11764705882352941,989.22
0.016650277504625076,1.0,0.17647058823529413,955.26
0.016650277504625076,1.0,0.23529411764705882,959.88
0.016650277504625076,1.0,0.29411764705882354,934.73
0.016650277504625076,1.0,0.35294117647058826,965.28
0.016650277504625076,1.0,0.4117647058823529,923.89
0.016650277504625076,1.0,0.47058823529411764,949.53
0.016650277504625076,1.0,0.5294117647058824,942.83
0.016650277504625076,1.0,0.5882352941176471,901.78
0.016650277504625076,1.0,0.6470588235294118,920.78
0.016650277504625076,1.0,0.7058823529411765,928.59
0.016650277504625076,1.0,0.7647058823529411,886.55
0.016650277504625076,1.0,0.8235294117647058,893.7
0.016650277504625076,1.0,0.8823529411764706,923.69
0.016650277504625076,1.0,0.9411764705882353,913.31
0.016650277504625076,1.0,1.0,924.52
0.16665277754629243,0.0,0.0,8695.8
0.16665277754629243,0.0,0.058823529411764705,8497.9
0.16665277754629243,0.0,0.11764705882352941,8763.2
0.16665277754629243,0.0,0.17647058823529413,8773.0
0.16665277754629243,0.0,0.23529411764705882,8215.0
0.16665277754629243,0.0,0.29411764705882354,8206.2
0.16665277754629243,0.0,0.35294117647058826,8830.7
0.16665277754629243,0.0,0.4117647058823529,8886.0
0.16665277754629243,0.0,0.47058823529411764,8840.1
0.16665277754629243,0.0,0.5294117647058824,8566.6
0.16665277754629243,0.0,0.5882352941176471,8888.5
0.16665277754629243,0.0,0.6470588235294118,8560.5
0.16665277754629243,0.0,0.7058823529411765,8308.3
0.16665277754629243,0.0,0.7647058823529411,8445.0
0.16665277754629243,0.0,0.8235294117647058,8943.0
0.16665277754629243,0.0,0.8823529411764706,8788.1
0.16665277754629243,0.0,0.9411764705882353,8375.2
0.16665277754629243,0.0,1.0,9021.6
0.16665277754629243,0.2,0.0,7924.3
0.16665277754629243,0.2,0.058823529411764705,8393.9
0.16665277754629243,0.2,0.11764705882352941,8335.0
0.16665277754629243,0.2,0.17647058823529413,8668.8
0.16665277754629243,0.2,0.23529411764705882,8424.2
0.16665277754629243,0.2,0.29411764705882354,8415.5
0.16665277754629243,0.2,0.35294117647058826,8459.8
0.16665277754629243,0.2,0.4117647058823529,8486.3
0.16665277754629243,0.2,0.47058823529411764,8751.2
0.16665277754629243,0.2,0.5294117647058824,8287.5
0.16665277754629243,0.2,0.5882352941176471,8391.3
0.16665277754629243,0.2,0.6470588235294118,8057.2
0.16665277754629243,0.2,0.7058823529411765,8480.3
0.16665277754629243,0.2,0.7647058823529411,8581.8
0.16665277754629243,0.2,0.8235294117647058,8631.6
0.16665277754629243,0.2,0.8823529411764706,8777.0
0.16665277754629243,0.2,0.9411764705882353,8348.5
0.16665277754629243,0.2,1.0,7856.5
0.16665277754629243,0.4,0.0,8171.3
0.16665277754629243,0.4,0.058823529411764705,8509.0
0.16665277754629243,0.4,0.11764705882352941,8731.1
0.16665277754629243,0.4,0.17647058823529413,8333.8
0.16665277754629243,0.4,0.23529411764705882,8605.2
0.16665277754629243,0.4,0.29411764705882354,8632.1
0.16665277754629243,0.4,0.35294117647058826,7776.9
0.16665277754629243,0.4,0.4117647058823529,7750.3
0.16665277754629243,0.4,0.47058823529411764,8574.1
0.16665277754629243,0.4,0.5294117647058824,8210.8
0.16665277754629243,0.4,0.5882352941176471,8321.1
0.16665277754629243,0.4,0.6470588235294118,8108.6
0.16665277754629243,0.4,0.7058823529411765,8416.9
0.16665277754629243,0.4,0.7647058823529411,8304.2
0.16665277754629243,0.4,0.8235294117647058,8505.1
0.16665277754629243,0.4,0.8823529411764706,8400.7
0.16665277754629243,0.4,0.9411764705882353,8268.7
0.16665277754629243,0.4,1.0,8345.6
0.16665277754629243,0.6,0.0,7569.5
0.16665277754629243,0.6,0.058823529411764705,8080.6
0.16665277754629243,0.6,0.11764705882352941,7842.4
0.16665277754629243,0.6,0.17647058823529413,7653.3
0.16665277754629243,0.6,0.23529411764705882,8663.1
0.16665277754629243,0.6,0.29411764705882354,8561.0
0.16665277754629243,0.6,0.35294117647058826,7983.5
0.16665277754629243,0.6,0.4117647058823529,7751.6
0.16665277754629243,0.6,0.47058823529411764,8482.6
0.16665277754629243,0.6,0.5294117647058824,8133.3
0.16665277754629243,0.6,0.5882352941176471,8190.5
0.16665277754629243,0.6,0.6470588235294118,7449.5
0.16665277754629243,0.6,0.7058823529411765,8303.2
0.16665277754629243,0.6,0.7647058823529411,7699.9
0.16665277754629243,0.6,0.8235294117647058,7556.4
0.16665277754629243,0.6,0.8823529411764706,7605.7
0.16665277754629243,0.6,0.9411764705882353,7527.8
0.16665277754629243,0.6,1.0,8182.4
0.16665277754629243,0.8,0.0,7465.9
0.16665277754629243,0.8,0.058823529411764705,7684.7
0.16665277754629243,0.8,0.11764705882352941,7864.5
0.16665277754629243,0.8,0.17647058823529413,7478.9
0.16665277754629243,0.8,0.23529411764705882,7246.1
0.16665277754629243,0.8,0.29411764705882354,8054.2
0.16665277754629243,0.8,0.35294117647058826,7662.3
0.16665277754629243,0.8,0.4117647058823529,6945.1
0.16665277754629243,0.8,0.47058823529411764,7459.0
0.16665277754629243,0.8,0.5294117647058824,7576.8
0.16665277754629243,0.8,0.5882352941176471,6689.1
0.16665277754629243,0.8,0.6470588235294118,7583.0
0.16665277754629243,0.8,0.7058823529411765,7793.7
0.16665277754629243,0.8,0.7647058823529411,7745.9
0.16665277754629243,0.8,0.8235294117647058,8110.9
0.16665277754629243,0.8,0.8823529411764706,7394.4
0.16665277754629243,0.8,0.9411764705882353,7540.0
0.16665277754629243,0.8,1.0,6687.1
0.16665277754629243,1.0,0.0,7419.6
0.16665277754629243,1.0,0.058823529411764705,7717.0
0.16665277754629243,1.0,0.11764705882352941,7717.7
0.16665277754629243,1.0,0.17647058823529413,7724.7
0.16665277754629243,1.0,0.23529411764705882,7462.8
0.16665277754629243,1.0,0.29411764705882354,6962.4
0.16665277754629243,1.0,0.35294117647058826,7190.7
0.16665277754629243,1.0,0.4117647058823529,7131.7
0.16665277754629243,1.0,0.47058823529411764,6717.6
0.16665277754629243,1.0,0.5294117647058824,6681.7
0.16665277754629243,1.0,0.5882352941176471,6667.9
0.16665277754629243,1.0,0.6470588235294118,7386.1
0.16665277754629243,1.0,0.7058823529411765,6658.0
0.16665277754629243,1.0,0.7647058823529411,6956.1
0.16665277754629243,1.0,0.8235294117647058,6714.2
0.16665277754629243,1.0,0.8823529411764706,6168.9
0.16665277754629243,1.0,0.9411764705882353,7246.9
0.16665277754629243,1.0,1.0,7649.1
1.0,0.0,0.0,51412.0
1.0,0.0,0.058823529411764705,52823.0
1.0,0.0,0.11764705882352941,45392.0
1.0,0.0,0.17647058823529413,35614.0
1.0,0.0,0.23529411764705882,50406.0
1.0,0.0,0.29411764705882354,41549.0
1.0,0.0,0.35294117647058826,41003.0
1.0,0.0,0.4117647058823529,39938.0
1.0,0.0,0.47058823529411764,45679.0
1.0,0.0,0.5294117647058824,50313.0
1.0,0.0,0.5882352941176471,44398.0
1.0,0.0,0.6470588235294118,50734.0
1.0,0.0,0.7058823529411765,44884.0
1.0,0.0,0.7647058823529411,50049.0
1.0,0.0,0.8235294117647058,46303.0
1.0,0.0,0.8823529411764706,53482.0
1.0,0.0,0.9411764705882353,36592.0
1.0,0.0,1.0,48762.0
1.0,0.2,0.0,46488.0
1.0,0.2,0.058823529411764705,51651.0
1.0,0.2,0.11764705882352941,49162.0
1.0,0.2,0.17647058823529413,34681.0
1.0,0.2,0.23529411764705882,48978.0
1.0,0.2,0.29411764705882354,49172.0
1.0,0.2,0.35294117647058826,39383.0
1.0,0.2,0.4117647058823529,45018.0
1.0,0.2,0.47058823529411764,57645.0
1.0,0.2,0.5294117647058824,55522.0
1.0,0.2,0.5882352941176471,48245.0
1.0,0.2,0.6470588235294118,45772.0
1.0,0.2,0.7058823529411765,46373.0
1.0,0.2,0.7647058823529411,50017.0
1.0,0.2,0.8235294117647058,37033.0
1.0,0.2,0.8823529411764706,39764.0
1.0,0.2,0.9411764705882353,40490.0
1.0,0.2,1.0,42380.0
1.0,0.4,0.0,48333.0
1.0,0.4,0.058823529411764705,53596.0
1.0,0.4,0.11764705882352941,37853.0
1.0,0.4,0.17647058823529413,35598.0
1.0,0.4,0.23529411764705882,46496.0
1.0,0.4,0.29411764705882354,37577.0
1.0,0.4,0.35294117647058826,49818.0
1.0,0.4,0.4117647058823529,37933.0
1.0,0.4,0.47058823529411764,37314.0
1.0,0.4,0.5294117647058824,48004.0
1.0,0.4,0.5882352941176471,36986.0
1.0,0.4,0.6470588235294118,52729.0
1.0,0.4,0.7058823529411765,38699.0
1.0,0.4,0.7647058823529411,33521.0
1.0,0.4,0.8235294117647058,35113.0
1.0,0.4,0.8823529411764706,45113.0
1.0,0.4,0.9411764705882353,45269.0
1.0,0.4,1.0,32438.0
1.0,0.6,0.0,48167.0
1.0,0.6,0.058823529411764705,36140.0
1.0,0.6,0.11764705882352941,41452.0
1.0,0.6,0.17647058823529413,34395.0
1.0,0.6,0.23529411764705882,41784.0
1.0,0.6,0.29411764705882354,32734.0
1.0,0.6,0.35294117647058826,44002.0
1.0,0.6,0.4117647058823529,34269.0
1.0,0.6,0.47058823529411764,31300.0
1.0,0.6,0.5294117647058824,33725.0
1.0,0.6,0.5882352941176471,38099.0
1.0,0.6,0.6470588235294118,26514.0
1.0,0.6,0.7058823529411765,46562.0
1.0,0.6,0.7647058823529411,33629.0
1.0,0.6,0.8235294117647058,31088.0
1.0,0.6,0.8823529411764706,36534.0
1.0,0.6,0.9411764705882353,36860.0
1.0,0.6,1.0,35972.0
1.0,0.8,0.0,45329.0
1.0,0.8,0.058823529411764705,47114.0
1.0,0.8,0.11764705882352941,46442.0
1.0,0.8,0.17647058823529413,38042.0
1.0,0.8,0.23529411764705882,37230.0
1.0,0.8,0.29411764705882354,30327.0
1.0,0.8,0.35294117647058826,29293.0
1.0,0.8,0.4117647058823529,37068.0
1.0,0.8,0.47058823529411764,28380.0
1.0,0.8,0.5294117647058824,33951.0
1.0,0.8,0.5882352941176471,44707.0
1.0,0.8,0.6470588235294118,35839.0
1.0,0.8,0.7058823529411765,36913.0
1.0,0.8,0.7647058823529411,28935.0
1.0,0.8,0.8235294117647058,47211.0
1.0,0.8,0.8823529411764706,32731.0
1.0,0.8,0.9411764705882353,46575.0
1.0,0.8,1.0,49069.0
1.0,1.0,0.0,45000.0
1.0,1.0,0.058823529411764705,32416.0
1.0,1.0,0.11764705882352941,34008.0
1.0,1.0,0.17647058823529413,27760.0
1.0,1.0,0.23529411764705882,42481.0
1.0,1.0,0.29411764705882354,32849.0
1.0,1.0,0.35294117647058826,37451.0
1.0,1.0,0.4117647058823529,34180.0
1.0,1.0,0.47058823529411764,34379.0
1.0,1.0,0.5294117647058824,38324.0
1.0,1.0,0.5882352941176471,38815.0
1.0,1.0,0.6470588235294118,28241.0
1.0,1.0,0.7058823529411765,30370.0
1.0,1.0,0.7647058823529411,36709.0
1.0,1.0,0.8235294117647058,35839.0
1.0,1.0,0.8823529411764706,28919.0
1.0,1.0,0.9411764705882353,29035.0
1.0,1.0,1.0,34860.0
