spout,split,count,buffer-size,heap,<$throughput
0.0,0.0,0.0,0.0,0.0,9260.0
0.0,0.0,0.0,0.0,0.3333333333333333,9282.3
0.0,0.0,0.0,0.0,1.0,9375.7
0.0,0.0,0.0,0.0075235349156944,0.0,8945.8
0.0,0.0,0.0,0.0075235349156944,0.3333333333333333,9213.3
0.0,0.0,0.0,0.0075235349156944,1.0,9453.5
0.0,0.0,0.0,0.04752811777960244,0.0,9267.3
0.0,0.0,0.0,0.04752811777960244,0.3333333333333333,9334.2
0.0,0.0,0.0,0.04752811777960244,1.0,9249.4
0.0,0.0,0.0,0.09774866810517673,0.0,9083.2
0.0,0.0,0.0,0.09774866810517673,0.3333333333333333,9395.3
0.0,0.0,0.0,0.09774866810517673,1.0,9314.8
0.0,0.0,0.0,1.0,0.0,9283.7
0.0,0.0,0.0,1.0,0.3333333333333333,9333.8
0.0,0.0,0.0,1.0,1.0,9023.6
0.0,0.0,0.09090909090909091,0.0,0.0,10871.0
0.0,0.0,0.09090909090909091,0.0,0.3333333333333333,10644.0
0.0,0.0,0.09090909090909091,0.0,1.0,10703.0
0.0,0.0,0.09090909090909091,0.0075235349156944,0.0,10750.0
0.0,0.0,0.09090909090909091,0.0075235349156944,0.3333333333333333,11009.0
0.0,0.0,0.09090909090909091,0.0075235349156944,1.0,10820.0
0.0,0.0,0.09090909090909091,0.04752811777960244,0.0,10991.0
0.0,0.0,0.09090909090909091,0.04752811777960244,0.3333333333333333,10874.0
0.0,0.0,0.09090909090909091,0.04752811777960244,1.0,10917.0
0.0,0.0,0.09090909090909091,0.09774866810517673,0.0,10803.0
0.0,0.0,0.09090909090909091,0.09774866810517673,0.3333333333333333,10793.0
0.0,0.0,0.09090909090909091,0.09774866810517673,1.0,10839.0
0.0,0.0,0.09090909090909091,1.0,0.0,10979.0
0.0,0.0,0.09090909090909091,1.0,0.3333333333333333,10817.0
0.0,0.0,0.09090909090909091,1.0,1.0,10620.0
0.0,0.0,0.18181818181818182,0.0,0.0,13009.0
0.0,0.0,0.18181818181818182,0.0,0.3333333333333333,12721.0
0.0,0.0,0.18181818181818182,0.0,1.0,12463.0
0.0,0.0,0.18181818181818182,0.0075235349156944,0.0,12901.0
0.0,0.0,0.18181818181818182,0.0075235349156944,0.3333333333333333,2122.2
0.0,0.0,0.18181818181818182,0.0075235349156944,1.0,12633.0
0.0,0.0,0.18181818181818182,0.04752811777960244,0.0,12959.0
0.0,0.0,0.18181818181818182,0.04752811777960244,0.3333333333333333,12561.0
0.0,0.0,0.18181818181818182,0.04752811777960244,1.0,12171.0
0.0,0.0,0.18181818181818182,0.09774866810517673,0.0,12597.0
0.0,0.0,0.18181818181818182,0.09774866810517673,0.3333333333333333,12305.0
0.0,0.0,0.18181818181818182,0.09774866810517673,1.0,11983.0
0.0,0.0,0.18181818181818182,1.0,0.0,12503.0
0.0,0.0,0.18181818181818182,1.0,0.3333333333333333,12276.0
0.0,0.0,0.18181818181818182,1.0,1.0,12221.0
0.0,0.0,0.45454545454545453,0.0,0.0,13551.0
0.0,0.0,0.45454545454545453,0.0,0.3333333333333333,14178.0
0.0,0.0,0.45454545454545453,0.0,1.0,13516.0
0.0,0.0,0.45454545454545453,0.0075235349156944,0.0,13677.0
0.0,0.0,0.45454545454545453,0.0075235349156944,0.3333333333333333,14223.0
0.0,0.0,0.45454545454545453,0.0075235349156944,1.0,14074.0
0.0,0.0,0.45454545454545453,0.04752811777960244,0.0,14672.0
0.0,0.0,0.45454545454545453,0.04752811777960244,0.3333333333333333,13611.0
0.0,0.0,0.45454545454545453,0.04752811777960244,1.0,14277.0
0.0,0.0,0.45454545454545453,0.09774866810517673,0.0,14290.0
0.0,0.0,0.45454545454545453,0.09774866810517673,0.3333333333333333,13915.0
0.0,0.0,0.45454545454545453,0.09774866810517673,1.0,13955.0
0.0,0.0,0.45454545454545453,1.0,0.0,13599.0
0.0,0.0,0.45454545454545453,1.0,0.3333333333333333,14207.0
0.0,0.0,0.45454545454545453,1.0,1.0,14702.0
0.0,0.0,0.7272727272727273,0.0,0.0,14975.0
0.0,0.0,0.7272727272727273,0.0,0.3333333333333333,14719.0
0.0,0.0,0.7272727272727273,0.0,1.0,14570.0
0.0,0.0,0.7272727272727273,0.0075235349156944,0.0,15293.0
0.0,0.0,0.7272727272727273,0.0075235349156944,0.3333333333333333,15145.0
0.0,0.0,0.7272727272727273,0.0075235349156944,1.0,14318.0
0.0,0.0,0.7272727272727273,0.04752811777960244,0.0,14748.0
0.0,0.0,0.7272727272727273,0.04752811777960244,0.3333333333333333,14733.0
0.0,0.0,0.7272727272727273,0.04752811777960244,1.0,13940.0
0.0,0.0,0.7272727272727273,0.09774866810517673,0.0,15037.0
0.0,0.0,0.7272727272727273,0.09774866810517673,0.3333333333333333,13976.0
0.0,0.0,0.7272727272727273,0.09774866810517673,1.0,14557.0
0.0,0.0,0.7272727272727273,1.0,0.0,14117.0
0.0,0.0,0.7272727272727273,1.0,0.3333333333333333,14686.0
0.0,0.0,0.7272727272727273,1.0,1.0,14722.0
0.0,0.0,1.0,0.0,0.0,15337.0
0.0,0.0,1.0,0.0,0.3333333333333333,15166.0
0.0,0.0,1.0,0.0,1.0,14905.0
0.0,0.0,1.0,0.0075235349156944,0.0,15001.0
0.0,0.0,1.0,0.0075235349156944,0.3333333333333333,14910.0
0.0,0.0,1.0,0.0075235349156944,1.0,14646.0
0.0,0.0,1.0,0.04752811777960244,0.0,15059.0
0.0,0.0,1.0,0.04752811777960244,0.3333333333333333,14805.0
0.0,0.0,1.0,0.04752811777960244,1.0,14589.0
0.0,0.0,1.0,0.09774866810517673,0.0,14767.0
0.0,0.0,1.0,0.09774866810517673,0.3333333333333333,14971.0
0.0,0.0,1.0,0.09774866810517673,1.0,14742.0
0.0,0.0,1.0,1.0,0.0,14220.0
0.0,0.0,1.0,1.0,0.3333333333333333,14557.0
0.0,0.0,1.0,1.0,1.0,14527.0
0.0,0.2,0.0,0.0,0.0,7914.2
0.0,0.2,0.0,0.0,0.3333333333333333,7878.8
0.0,0.2,0.0,0.0,1.0,7965.2
0.0,0.2,0.0,0.0075235349156944,0.0,7828.6
0.0,0.2,0.0,0.0075235349156944,0.3333333333333333,7845.4
0.0,0.2,0.0,0.0075235349156944,1.0,7811.1
0.0,0.2,0.0,0.04752811777960244,0.0,8074.2
0.0,0.2,0.0,0.04752811777960244,0.3333333333333333,7954.7
0.0,0.2,0.0,0.04752811777960244,1.0,8056.0
0.0,0.2,0.0,0.09774866810517673,0.0,7890.0
0.0,0.2,0.0,0.09774866810517673,0.3333333333333333,8083.9
0.0,0.2,0.0,0.09774866810517673,1.0,7978.3
0.0,0.2,0.0,1.0,0.0,8012.6
0.0,0.2,0.0,1.0,0.3333333333333333,8084.2
0.0,0.2,0.0,1.0,1.0,7810.2
0.0,0.2,0.09090909090909091,0.0,0.0,11323.0
0.0,0.2,0.09090909090909091,0.0,0.3333333333333333,11259.0
0.0,0.2,0.09090909090909091,0.0,1.0,11125.0
0.0,0.2,0.09090909090909091,0.0075235349156944,0.0,10718.0
0.0,0.2,0.09090909090909091,0.0075235349156944,0.3333333333333333,11303.0
0.0,0.2,0.09090909090909091,0.0075235349156944,1.0,11100.0
0.0,0.2,0.09090909090909091,0.04752811777960244,0.0,11235.0
0.0,0.2,0.09090909090909091,0.04752811777960244,0.3333333333333333,10979.0
0.0,0.2,0.09090909090909091,0.04752811777960244,1.0,11311.0
0.0,0.2,0.09090909090909091,0.09774866810517673,0.0,11302.0
0.0,0.2,0.09090909090909091,0.09774866810517673,0.3333333333333333,11185.0
0.0,0.2,0.09090909090909091,0.09774866810517673,1.0,11154.0
0.0,0.2,0.09090909090909091,1.0,0.0,11123.0
0.0,0.2,0.09090909090909091,1.0,0.3333333333333333,11067.0
0.0,0.2,0.09090909090909091,1.0,1.0,11455.0
0.0,0.2,0.18181818181818182,0.0,0.0,14411.0
0.0,0.2,0.18181818181818182,0.0,0.3333333333333333,14361.0
0.0,0.2,0.18181818181818182,0.0,1.0,14302.0
0.0,0.2,0.18181818181818182,0.0075235349156944,0.0,14327.0
0.0,0.2,0.18181818181818182,0.0075235349156944,0.3333333333333333,14343.0
0.0,0.2,0.18181818181818182,0.0075235349156944,1.0,14099.0
0.0,0.2,0.18181818181818182,0.04752811777960244,0.0,14573.0
0.0,0.2,0.18181818181818182,0.04752811777960244,0.3333333333333333,14197.0
0.0,0.2,0.18181818181818182,0.04752811777960244,1.0,14608.0
0.0,0.2,0.18181818181818182,0.09774866810517673,0.0,14060.0
0.0,0.2,0.18181818181818182,0.09774866810517673,0.3333333333333333,14584.0
0.0,0.2,0.18181818181818182,0.09774866810517673,1.0,14101.0
0.0,0.2,0.18181818181818182,1.0,0.0,13996.0
0.0,0.2,0.18181818181818182,1.0,0.3333333333333333,14210.0
0.0,0.2,0.18181818181818182,1.0,1.0,14328.0
0.0,0.2,0.45454545454545453,0.0,0.0,16959.0
0.0,0.2,0.45454545454545453,0.0,0.3333333333333333,17478.0
0.0,0.2,0.45454545454545453,0.0,1.0,16825.0
0.0,0.2,0.45454545454545453,0.0075235349156944,0.0,17898.0
0.0,0.2,0.45454545454545453,0.0075235349156944,0.3333333333333333,17299.0
0.0,0.2,0.45454545454545453,0.0075235349156944,1.0,17542.0
0.0,0.2,0.45454545454545453,0.04752811777960244,0.0,17189.0
0.0,0.2,0.45454545454545453,0.04752811777960244,0.3333333333333333,17406.0
0.0,0.2,0.45454545454545453,0.04752811777960244,1.0,16684.0
0.0,0.2,0.45454545454545453,0.09774866810517673,0.0,16393.0
0.0,0.2,0.45454545454545453,0.09774866810517673,0.3333333333333333,17130.0
0.0,0.2,0.45454545454545453,0.09774866810517673,1.0,17418.0
0.0,0.2,0.45454545454545453,1.0,0.0,17083.0
0.0,0.2,0.45454545454545453,1.0,0.3333333333333333,17497.0
0.0,0.2,0.45454545454545453,1.0,1.0,16455.0
0.0,0.2,0.7272727272727273,0.0,0.0,18928.0
0.0,0.2,0.7272727272727273,0.0,0.3333333333333333,19371.0
0.0,0.2,0.7272727272727273,0.0,1.0,19992.0
0.0,0.2,0.7272727272727273,0.0075235349156944,0.0,18889.0
0.0,0.2,0.7272727272727273,0.0075235349156944,0.3333333333333333,19209.0
0.0,0.2,0.7272727272727273,0.0075235349156944,1.0,19187.0
0.0,0.2,0.7272727272727273,0.04752811777960244,0.0,19541.0
0.0,0.2,0.7272727272727273,0.04752811777960244,0.3333333333333333,19733.0
0.0,0.2,0.7272727272727273,0.04752811777960244,1.0,19063.0
0.0,0.2,0.7272727272727273,0.09774866810517673,0.0,19268.0
0.0,0.2,0.7272727272727273,0.09774866810517673,0.3333333333333333,19614.0
0.0,0.2,0.7272727272727273,0.09774866810517673,1.0,19710.0
0.0,0.2,0.7272727272727273,1.0,0.0,18965.0
0.0,0.2,0.7272727272727273,1.0,0.3333333333333333,19610.0
0.0,0.2,0.7272727272727273,1.0,1.0,19671.0
0.0,0.2,1.0,0.0,0.0,20415.0
0.0,0.2,1.0,0.0,0.3333333333333333,20536.0
0.0,0.2,1.0,0.0,1.0,20534.0
0.0,0.2,1.0,0.0075235349156944,0.0,20495.0
0.0,0.2,1.0,0.0075235349156944,0.3333333333333333,19372.0
0.0,0.2,1.0,0.0075235349156944,1.0,19935.0
0.0,0.2,1.0,0.04752811777960244,0.0,20591.0
0.0,0.2,1.0,0.04752811777960244,0.3333333333333333,20353.0
0.0,0.2,1.0,0.04752811777960244,1.0,20050.0
0.0,0.2,1.0,0.09774866810517673,0.0,20117.0
0.0,0.2,1.0,0.09774866810517673,0.3333333333333333,20356.0
0.0,0.2,1.0,0.09774866810517673,1.0,20134.0
0.0,0.2,1.0,1.0,0.0,20167.0
0.0,0.2,1.0,1.0,0.3333333333333333,20432.0
0.0,0.2,1.0,1.0,1.0,20178.0
0.0,0.4,0.0,0.0,0.0,8280.0
0.0,0.4,0.0,0.0,0.3333333333333333,8479.3
0.0,0.4,0.0,0.0,1.0,8507.8
0.0,0.4,0.0,0.0075235349156944,0.0,8556.9
0.0,0.4,0.0,0.0075235349156944,0.3333333333333333,8100.0
0.0,0.4,0.0,0.0075235349156944,1.0,8282.6
0.0,0.4,0.0,0.04752811777960244,0.0,8571.8
0.0,0.4,0.0,0.04752811777960244,0.3333333333333333,8538.4
0.0,0.4,0.0,0.04752811777960244,1.0,8404.0
0.0,0.4,0.0,0.09774866810517673,0.0,8305.2
0.0,0.4,0.0,0.09774866810517673,0.3333333333333333,8529.4
0.0,0.4,0.0,0.09774866810517673,1.0,8567.1
0.0,0.4,0.0,1.0,0.0,8423.9
0.0,0.4,0.0,1.0,0.3333333333333333,8440.4
0.0,0.4,0.0,1.0,1.0,8483.2
0.0,0.4,0.09090909090909091,0.0,0.0,11483.0
0.0,0.4,0.09090909090909091,0.0,0.3333333333333333,11558.0
0.0,0.4,0.09090909090909091,0.0,1.0,11518.0
0.0,0.4,0.09090909090909091,0.0075235349156944,0.0,11641.0
0.0,0.4,0.09090909090909091,0.0075235349156944,0.3333333333333333,11890.0
0.0,0.4,0.09090909090909091,0.0075235349156944,1.0,11549.0
0.0,0.4,0.09090909090909091,0.04752811777960244,0.0,11317.0
0.0,0.4,0.09090909090909091,0.04752811777960244,0.3333333333333333,11795.0
0.0,0.4,0.09090909090909091,0.04752811777960244,1.0,11898.0
0.0,0.4,0.09090909090909091,0.09774866810517673,0.0,11620.0
0.0,0.4,0.09090909090909091,0.09774866810517673,0.3333333333333333,11667.0
0.0,0.4,0.09090909090909091,0.09774866810517673,1.0,11772.0
0.0,0.4,0.09090909090909091,1.0,0.0,11722.0
0.0,0.4,0.09090909090909091,1.0,0.3333333333333333,11901.0
0.0,0.4,0.09090909090909091,1.0,1.0,11699.0
0.0,0.4,0.18181818181818182,0.0,0.0,12386.0
0.0,0.4,0.18181818181818182,0.0,0.3333333333333333,12095.0
0.0,0.4,0.18181818181818182,0.0,1.0,12108.0
0.0,0.4,0.18181818181818182,0.0075235349156944,0.0,12336.0
0.0,0.4,0.18181818181818182,0.0075235349156944,0.3333333333333333,12217.0
0.0,0.4,0.18181818181818182,0.0075235349156944,1.0,12179.0
0.0,0.4,0.18181818181818182,0.04752811777960244,0.0,12141.0
0.0,0.4,0.18181818181818182,0.04752811777960244,0.3333333333333333,12652.0
0.0,0.4,0.18181818181818182,0.04752811777960244,1.0,11683.0
0.0,0.4,0.18181818181818182,0.09774866810517673,0.0,12192.0
0.0,0.4,0.18181818181818182,0.09774866810517673,0.3333333333333333,11973.0
0.0,0.4,0.18181818181818182,0.09774866810517673,1.0,11763.0
0.0,0.4,0.18181818181818182,1.0,0.0,12307.0
0.0,0.4,0.18181818181818182,1.0,0.3333333333333333,12554.0
0.0,0.4,0.18181818181818182,1.0,1.0,12229.0
0.0,0.4,0.45454545454545453,0.0,0.0,13109.0
0.0,0.4,0.45454545454545453,0.0,0.3333333333333333,12790.0
0.0,0.4,0.45454545454545453,0.0,1.0,12237.0
0.0,0.4,0.45454545454545453,0.0075235349156944,0.0,12604.0
0.0,0.4,0.45454545454545453,0.0075235349156944,0.3333333333333333,12530.0
0.0,0.4,0.45454545454545453,0.0075235349156944,1.0,11779.0
0.0,0.4,0.45454545454545453,0.04752811777960244,0.0,12835.0
0.0,0.4,0.45454545454545453,0.04752811777960244,0.3333333333333333,12952.0
0.0,0.4,0.45454545454545453,0.04752811777960244,1.0,12873.0
0.0,0.4,0.45454545454545453,0.09774866810517673,0.0,13052.0
0.0,0.4,0.45454545454545453,0.09774866810517673,0.3333333333333333,11980.0
0.0,0.4,0.45454545454545453,0.09774866810517673,1.0,12302.0
0.0,0.4,0.45454545454545453,1.0,0.0,12421.0
0.0,0.4,0.45454545454545453,1.0,0.3333333333333333,12879.0
0.0,0.4,0.45454545454545453,1.0,1.0,12455.0
0.0,0.4,0.7272727272727273,0.0,0.0,12585.0
0.0,0.4,0.7272727272727273,0.0,0.3333333333333333,13058.0
0.0,0.4,0.7272727272727273,0.0,1.0,12957.0
0.0,0.4,0.7272727272727273,0.0075235349156944,0.0,12724.0
0.0,0.4,0.7272727272727273,0.0075235349156944,0.3333333333333333,11982.0
0.0,0.4,0.7272727272727273,0.0075235349156944,1.0,12170.0
0.0,0.4,0.7272727272727273,0.04752811777960244,0.0,12303.0
0.0,0.4,0.7272727272727273,0.04752811777960244,0.3333333333333333,12704.0
0.0,0.4,0.7272727272727273,0.04752811777960244,1.0,13104.0
0.0,0.4,0.7272727272727273,0.09774866810517673,0.0,12856.0
0.0,0.4,0.7272727272727273,0.09774866810517673,0.3333333333333333,12693.0
0.0,0.4,0.7272727272727273,0.09774866810517673,1.0,12844.0
0.0,0.4,0.7272727272727273,1.0,0.0,12390.0
0.0,0.4,0.7272727272727273,1.0,0.3333333333333333,12074.0
0.0,0.4,0.7272727272727273,1.0,1.0,13148.0
0.0,0.4,1.0,0.0,0.0,13327.0
0.0,0.4,1.0,0.0,0.3333333333333333,12305.0
0.0,0.4,1.0,0.0,1.0,12665.0
0.0,0.4,1.0,0.0075235349156944,0.0,13068.0
0.0,0.4,1.0,0.0075235349156944,0.3333333333333333,12583.0
0.0,0.4,1.0,0.0075235349156944,1.0,12771.0
0.0,0.4,1.0,0.04752811777960244,0.0,12144.0
0.0,0.4,1.0,0.04752811777960244,0.3333333333333333,13625.0
0.0,0.4,1.0,0.04752811777960244,1.0,13094.0
0.0,0.4,1.0,0.09774866810517673,0.0,13475.0
0.0,0.4,1.0,0.09774866810517673,0.3333333333333333,12962.0
0.0,0.4,1.0,0.09774866810517673,1.0,12437.0
0.0,0.4,1.0,1.0,0.0,13122.0
0.0,0.4,1.0,1.0,0.3333333333333333,12754.0
0.0,0.4,1.0,1.0,1.0,13273.0
0.0,1.0,0.0,0.0,0.0,8600.9
0.0,1.0,0.0,0.0,0.3333333333333333,8506.0
0.0,1.0,0.0,0.0,1.0,8528.8
0.0,1.0,0.0,0.0075235349156944,0.0,8584.0
0.0,1.0,0.0,0.0075235349156944,0.3333333333333333,8544.9
0.0,1.0,0.0,0.0075235349156944,1.0,8300.5
0.0,1.0,0.0,0.04752811777960244,0.0,8495.6
0.0,1.0,0.0,0.04752811777960244,0.3333333333333333,8444.1
0.0,1.0,0.0,0.04752811777960244,1.0,8442.0
0.0,1.0,0.0,0.09774866810517673,0.0,8543.7
0.0,1.0,0.0,0.09774866810517673,0.3333333333333333,8467.4
0.0,1.0,0.0,0.09774866810517673,1.0,8567.2
0.0,1.0,0.0,1.0,0.0,8592.3
0.0,1.0,0.0,1.0,0.3333333333333333,8357.8
0.0,1.0,0.0,1.0,1.0,8656.6
0.0,1.0,0.09090909090909091,0.0,0.0,12108.0
0.0,1.0,0.09090909090909091,0.0,0.3333333333333333,11693.0
0.0,1.0,0.09090909090909091,0.0,1.0,11739.0
0.0,1.0,0.09090909090909091,0.0075235349156944,0.0,12010.0
0.0,1.0,0.09090909090909091,0.0075235349156944,0.3333333333333333,11782.0
0.0,1.0,0.09090909090909091,0.0075235349156944,1.0,11690.0
0.0,1.0,0.09090909090909091,0.04752811777960244,0.0,11964.0
0.0,1.0,0.09090909090909091,0.04752811777960244,0.3333333333333333,11972.0
0.0,1.0,0.09090909090909091,0.04752811777960244,1.0,11957.0
0.0,1.0,0.09090909090909091,0.09774866810517673,0.0,11815.0
0.0,1.0,0.09090909090909091,0.09774866810517673,0.3333333333333333,11604.0
0.0,1.0,0.09090909090909091,0.09774866810517673,1.0,11751.0
0.0,1.0,0.09090909090909091,1.0,0.0,11668.0
0.0,1.0,0.09090909090909091,1.0,0.3333333333333333,11572.0
0.0,1.0,0.09090909090909091,1.0,1.0,11632.0
0.0,1.0,0.18181818181818182,0.0,0.0,12456.0
0.0,1.0,0.18181818181818182,0.0,0.3333333333333333,12273.0
0.0,1.0,0.18181818181818182,0.0,1.0,12356.0
0.0,1.0,0.18181818181818182,0.0075235349156944,0.0,12610.0
0.0,1.0,0.18181818181818182,0.0075235349156944,0.3333333333333333,12397.0
0.0,1.0,0.18181818181818182,0.0075235349156944,1.0,12106.0
0.0,1.0,0.18181818181818182,0.04752811777960244,0.0,12678.0
0.0,1.0,0.18181818181818182,0.04752811777960244,0.3333333333333333,12730.0
0.0,1.0,0.18181818181818182,0.04752811777960244,1.0,12062.0
0.0,1.0,0.18181818181818182,0.09774866810517673,0.0,12366.0
0.0,1.0,0.18181818181818182,0.09774866810517673,0.3333333333333333,12233.0
0.0,1.0,0.18181818181818182,0.09774866810517673,1.0,12682.0
0.0,1.0,0.18181818181818182,1.0,0.0,12222.0
0.0,1.0,0.18181818181818182,1.0,0.3333333333333333,12748.0
0.0,1.0,0.18181818181818182,1.0,1.0,12814.0
0.0,1.0,0.45454545454545453,0.0,0.0,13294.0
0.0,1.0,0.45454545454545453,0.0,0.3333333333333333,13188.0
0.0,1.0,0.45454545454545453,0.0,1.0,13341.0
0.0,1.0,0.45454545454545453,0.0075235349156944,0.0,12728.0
0.0,1.0,0.45454545454545453,0.0075235349156944,0.3333333333333333,13514.0
0.0,1.0,0.45454545454545453,0.0075235349156944,1.0,12812.0
0.0,1.0,0.45454545454545453,0.04752811777960244,0.0,13077.0
0.0,1.0,0.45454545454545453,0.04752811777960244,0.3333333333333333,12790.0
0.0,1.0,0.45454545454545453,0.04752811777960244,1.0,13385.0
0.0,1.0,0.45454545454545453,0.09774866810517673,0.0,12903.0
0.0,1.0,0.45454545454545453,0.09774866810517673,0.3333333333333333,12604.0
0.0,1.0,0.45454545454545453,0.09774866810517673,1.0,12697.0
0.0,1.0,0.45454545454545453,1.0,0.0,13143.0
0.0,1.0,0.45454545454545453,1.0,0.3333333333333333,12891.0
0.0,1.0,0.45454545454545453,1.0,1.0,13254.0
0.0,1.0,0.7272727272727273,0.0,0.0,13387.0
0.0,1.0,0.7272727272727273,0.0,0.3333333333333333,12800.0
0.0,1.0,0.7272727272727273,0.0,1.0,13824.0
0.0,1.0,0.7272727272727273,0.0075235349156944,0.0,13405.0
0.0,1.0,0.7272727272727273,0.0075235349156944,0.3333333333333333,13433.0
0.0,1.0,0.7272727272727273,0.0075235349156944,1.0,13792.0
0.0,1.0,0.7272727272727273,0.04752811777960244,0.0,13396.0
0.0,1.0,0.7272727272727273,0.04752811777960244,0.3333333333333333,13238.0
0.0,1.0,0.7272727272727273,0.04752811777960244,1.0,13906.0
0.0,1.0,0.7272727272727273,0.09774866810517673,0.0,12990.0
0.0,1.0,0.7272727272727273,0.09774866810517673,0.3333333333333333,13292.0
0.0,1.0,0.7272727272727273,0.09774866810517673,1.0,13554.0
0.0,1.0,0.7272727272727273,1.0,0.0,13279.0
0.0,1.0,0.7272727272727273,1.0,0.3333333333333333,13479.0
0.0,1.0,0.7272727272727273,1.0,1.0,13778.0
0.0,1.0,1.0,0.0,0.0,13418.0
0.0,1.0,1.0,0.0,0.3333333333333333,13628.0
0.0,1.0,1.0,0.0,1.0,13432.0
0.0,1.0,1.0,0.0075235349156944,0.0,14008.0
0.0,1.0,1.0,0.0075235349156944,0.3333333333333333,14160.0
0.0,1.0,1.0,0.0075235349156944,1.0,13861.0
0.0,1.0,1.0,0.04752811777960244,0.0,13565.0
0.0,1.0,1.0,0.04752811777960244,0.3333333333333333,13906.0
0.0,1.0,1.0,0.04752811777960244,1.0,13893.0
0.0,1.0,1.0,0.09774866810517673,0.0,13511.0
0.0,1.0,1.0,0.09774866810517673,0.3333333333333333,13987.0
0.0,1.0,1.0,0.09774866810517673,1.0,14532.0
0.0,1.0,1.0,1.0,0.0,13463.0
0.0,1.0,1.0,1.0,0.3333333333333333,14041.0
0.0,1.0,1.0,1.0,1.0,13927.0
0.5,0.0,0.0,0.0,0.0,7975.7
0.5,0.0,0.0,0.0,0.3333333333333333,8097.0
0.5,0.0,0.0,0.0,1.0,8007.0
0.5,0.0,0.0,0.0075235349156944,0.0,7600.2
0.5,0.0,0.0,0.0075235349156944,0.3333333333333333,8164.0
0.5,0.0,0.0,0.0075235349156944,1.0,7851.3
0.5,0.0,0.0,0.04752811777960244,0.0,8080.2
0.5,0.0,0.0,0.04752811777960244,0.3333333333333333,8097.9
0.5,0.0,0.0,0.04752811777960244,1.0,8236.0
0.5,0.0,0.0,0.09774866810517673,0.0,7945.6
0.5,0.0,0.0,0.09774866810517673,0.3333333333333333,7959.8
0.5,0.0,0.0,0.09774866810517673,1.0,8019.9
0.5,0.0,0.0,1.0,0.0,8077.3
0.5,0.0,0.0,1.0,0.3333333333333333,8015.4
0.5,0.0,0.0,1.0,1.0,8123.5
0.5,0.0,0.09090909090909091,0.0,0.0,11400.0
0.5,0.0,0.09090909090909091,0.0,0.3333333333333333,11053.0
0.5,0.0,0.09090909090909091,0.0,1.0,11195.0
0.5,0.0,0.09090909090909091,0.0075235349156944,0.0,11215.0
0.5,0.0,0.09090909090909091,0.0075235349156944,0.3333333333333333,11254.0
0.5,0.0,0.09090909090909091,0.0075235349156944,1.0,11488.0
0.5,0.0,0.09090909090909091,0.04752811777960244,0.0,11241.0
0.5,0.0,0.09090909090909091,0.04752811777960244,0.3333333333333333,10934.0
0.5,0.0,0.09090909090909091,0.04752811777960244,1.0,11496.0
0.5,0.0,0.09090909090909091,0.09774866810517673,0.0,11463.0
0.5,0.0,0.09090909090909091,0.09774866810517673,0.3333333333333333,11572.0
0.5,0.0,0.09090909090909091,0.09774866810517673,1.0,11595.0
0.5,0.0,0.09090909090909091,1.0,0.0,11277.0
0.5,0.0,0.09090909090909091,1.0,0.3333333333333333,11218.0
0.5,0.0,0.09090909090909091,1.0,1.0,11417.0
0.5,0.0,0.18181818181818182,0.0,0.0,12317.0
0.5,0.0,0.18181818181818182,0.0,0.3333333333333333,12325.0
0.5,0.0,0.18181818181818182,0.0,1.0,12733.0
0.5,0.0,0.18181818181818182,0.0075235349156944,0.0,12418.0
0.5,0.0,0.18181818181818182,0.0075235349156944,0.3333333333333333,12806.0
0.5,0.0,0.18181818181818182,0.0075235349156944,1.0,12465.0
0.5,0.0,0.18181818181818182,0.04752811777960244,0.0,12881.0
0.5,0.0,0.18181818181818182,0.04752811777960244,0.3333333333333333,11924.0
0.5,0.0,0.18181818181818182,0.04752811777960244,1.0,12293.0
0.5,0.0,0.18181818181818182,0.09774866810517673,0.0,12207.0
0.5,0.0,0.18181818181818182,0.09774866810517673,0.3333333333333333,12599.0
0.5,0.0,0.18181818181818182,0.09774866810517673,1.0,12602.0
0.5,0.0,0.18181818181818182,1.0,0.0,12561.0
0.5,0.0,0.18181818181818182,1.0,0.3333333333333333,12529.0
0.5,0.0,0.18181818181818182,1.0,1.0,12716.0
0.5,0.0,0.45454545454545453,0.0,0.0,13701.0
0.5,0.0,0.45454545454545453,0.0,0.3333333333333333,12553.0
0.5,0.0,0.45454545454545453,0.0,1.0,13046.0
0.5,0.0,0.45454545454545453,0.0075235349156944,0.0,12742.0
0.5,0.0,0.45454545454545453,0.0075235349156944,0.3333333333333333,12797.0
0.5,0.0,0.45454545454545453,0.0075235349156944,1.0,12825.0
0.5,0.0,0.45454545454545453,0.04752811777960244,0.0,13224.0
0.5,0.0,0.45454545454545453,0.04752811777960244,0.3333333333333333,12674.0
0.5,0.0,0.45454545454545453,0.04752811777960244,1.0,12824.0
0.5,0.0,0.45454545454545453,0.09774866810517673,0.0,12824.0
0.5,0.0,0.45454545454545453,0.09774866810517673,0.3333333333333333,13221.0
0.5,0.0,0.45454545454545453,0.09774866810517673,1.0,12739.0
0.5,0.0,0.45454545454545453,1.0,0.0,12541.0
0.5,0.0,0.45454545454545453,1.0,0.3333333333333333,12535.0
0.5,0.0,0.45454545454545453,1.0,1.0,12735.0
0.5,0.0,0.7272727272727273,0.0,0.0,12967.0
0.5,0.0,0.7272727272727273,0.0,0.3333333333333333,14350.0
0.5,0.0,0.7272727272727273,0.0,1.0,14258.0
0.5,0.0,0.7272727272727273,0.0075235349156944,0.0,13293.0
0.5,0.0,0.7272727272727273,0.0075235349156944,0.3333333333333333,13426.0
0.5,0.0,0.7272727272727273,0.0075235349156944,1.0,13114.0
0.5,0.0,0.7272727272727273,0.04752811777960244,0.0,13962.0
0.5,0.0,0.7272727272727273,0.04752811777960244,0.3333333333333333,13662.0
0.5,0.0,0.7272727272727273,0.04752811777960244,1.0,13727.0
0.5,0.0,0.7272727272727273,0.09774866810517673,0.0,13663.0
0.5,0.0,0.7272727272727273,0.09774866810517673,0.3333333333333333,13875.0
0.5,0.0,0.7272727272727273,0.09774866810517673,1.0,13773.0
0.5,0.0,0.7272727272727273,1.0,0.0,13791.0
0.5,0.0,0.7272727272727273,1.0,0.3333333333333333,13963.0
0.5,0.0,0.7272727272727273,1.0,1.0,13820.0
0.5,0.0,1.0,0.0,0.0,14316.0
0.5,0.0,1.0,0.0,0.3333333333333333,13791.0
0.5,0.0,1.0,0.0,1.0,13618.0
0.5,0.0,1.0,0.0075235349156944,0.0,13750.0
0.5,0.0,1.0,0.0075235349156944,0.3333333333333333,14385.0
0.5,0.0,1.0,0.0075235349156944,1.0,13268.0
0.5,0.0,1.0,0.04752811777960244,0.0,13846.0
0.5,0.0,1.0,0.04752811777960244,0.3333333333333333,14161.0
0.5,0.0,1.0,0.04752811777960244,1.0,14311.0
0.5,0.0,1.0,0.09774866810517673,0.0,13589.0
0.5,0.0,1.0,0.09774866810517673,0.3333333333333333,13597.0
0.5,0.0,1.0,0.09774866810517673,1.0,14456.0
0.5,0.0,1.0,1.0,0.0,12999.0
0.5,0.0,1.0,1.0,0.3333333333333333,13643.0
0.5,0.0,1.0,1.0,1.0,14539.0
0.5,0.2,0.0,0.0,0.0,8214.7
0.5,0.2,0.0,0.0,0.3333333333333333,8238.6
0.5,0.2,0.0,0.0,1.0,8146.0
0.5,0.2,0.0,0.0075235349156944,0.0,8212.6
0.5,0.2,0.0,0.0075235349156944,0.3333333333333333,8442.9
0.5,0.2,0.0,0.0075235349156944,1.0,8206.2
0.5,0.2,0.0,0.04752811777960244,0.0,8229.4
0.5,0.2,0.0,0.04752811777960244,0.3333333333333333,8207.6
0.5,0.2,0.0,0.04752811777960244,1.0,8458.9
0.5,0.2,0.0,0.09774866810517673,0.0,8517.5
0.5,0.2,0.0,0.09774866810517673,0.3333333333333333,8324.9
0.5,0.2,0.0,0.09774866810517673,1.0,8674.8
0.5,0.2,0.0,1.0,0.0,8398.6
0.5,0.2,0.0,1.0,0.3333333333333333,8476.8
0.5,0.2,0.0,1.0,1.0,8158.2
0.5,0.2,0.09090909090909091,0.0,0.0,12253.0
0.5,0.2,0.09090909090909091,0.0,0.3333333333333333,12480.0
0.5,0.2,0.09090909090909091,0.0,1.0,12295.0
0.5,0.2,0.09090909090909091,0.0075235349156944,0.0,12240.0
0.5,0.2,0.09090909090909091,0.0075235349156944,0.3333333333333333,12279.0
0.5,0.2,0.09090909090909091,0.0075235349156944,1.0,12524.0
0.5,0.2,0.09090909090909091,0.04752811777960244,0.0,12476.0
0.5,0.2,0.09090909090909091,0.04752811777960244,0.3333333333333333,12408.0
0.5,0.2,0.09090909090909091,0.04752811777960244,1.0,12241.0
0.5,0.2,0.09090909090909091,0.09774866810517673,0.0,12446.0
0.5,0.2,0.09090909090909091,0.09774866810517673,0.3333333333333333,12247.0
0.5,0.2,0.09090909090909091,0.09774866810517673,1.0,12346.0
0.5,0.2,0.09090909090909091,1.0,0.0,12581.0
0.5,0.2,0.09090909090909091,1.0,0.3333333333333333,12422.0
0.5,0.2,0.09090909090909091,1.0,1.0,12351.0
0.5,0.2,0.18181818181818182,0.0,0.0,12301.0
0.5,0.2,0.18181818181818182,0.0,0.3333333333333333,12691.0
0.5,0.2,0.18181818181818182,0.0,1.0,12499.0
0.5,0.2,0.18181818181818182,0.0075235349156944,0.0,12469.0
0.5,0.2,0.18181818181818182,0.0075235349156944,0.3333333333333333,12135.0
0.5,0.2,0.18181818181818182,0.0075235349156944,1.0,12288.0
0.5,0.2,0.18181818181818182,0.04752811777960244,0.0,12699.0
0.5,0.2,0.18181818181818182,0.04752811777960244,0.3333333333333333,12478.0
0.5,0.2,0.18181818181818182,0.04752811777960244,1.0,12338.0
0.5,0.2,0.18181818181818182,0.09774866810517673,0.0,12486.0
0.5,0.2,0.18181818181818182,0.09774866810517673,0.3333333333333333,12088.0
0.5,0.2,0.18181818181818182,0.09774866810517673,1.0,12657.0
0.5,0.2,0.18181818181818182,1.0,0.0,12549.0
0.5,0.2,0.18181818181818182,1.0,0.3333333333333333,12621.0
0.5,0.2,0.18181818181818182,1.0,1.0,12240.0
0.5,0.2,0.45454545454545453,0.0,0.0,12927.0
0.5,0.2,0.45454545454545453,0.0,0.3333333333333333,13270.0
0.5,0.2,0.45454545454545453,0.0,1.0,13395.0
0.5,0.2,0.45454545454545453,0.0075235349156944,0.0,12901.0
0.5,0.2,0.45454545454545453,0.0075235349156944,0.3333333333333333,13093.0
0.5,0.2,0.45454545454545453,0.0075235349156944,1.0,12532.0
0.5,0.2,0.45454545454545453,0.04752811777960244,0.0,12907.0
0.5,0.2,0.45454545454545453,0.04752811777960244,0.3333333333333333,13095.0
0.5,0.2,0.45454545454545453,0.04752811777960244,1.0,13908.0
0.5,0.2,0.45454545454545453,0.09774866810517673,0.0,12830.0
0.5,0.2,0.45454545454545453,0.09774866810517673,0.3333333333333333,13154.0
0.5,0.2,0.45454545454545453,0.09774866810517673,1.0,12322.0
0.5,0.2,0.45454545454545453,1.0,0.0,12835.0
0.5,0.2,0.45454545454545453,1.0,0.3333333333333333,12605.0
0.5,0.2,0.45454545454545453,1.0,1.0,13623.0
0.5,0.2,0.7272727272727273,0.0,0.0,13979.0
0.5,0.2,0.7272727272727273,0.0,0.3333333333333333,13630.0
0.5,0.2,0.7272727272727273,0.0,1.0,13148.0
0.5,0.2,0.7272727272727273,0.0075235349156944,0.0,14408.0
0.5,0.2,0.7272727272727273,0.0075235349156944,0.3333333333333333,13711.0
0.5,0.2,0.7272727272727273,0.0075235349156944,1.0,14016.0
0.5,0.2,0.7272727272727273,0.04752811777960244,0.0,14284.0
0.5,0.2,0.7272727272727273,0.04752811777960244,0.3333333333333333,13579.0
0.5,0.2,0.7272727272727273,0.04752811777960244,1.0,14160.0
0.5,0.2,0.7272727272727273,0.09774866810517673,0.0,13742.0
0.5,0.2,0.7272727272727273,0.09774866810517673,0.3333333333333333,13866.0
0.5,0.2,0.7272727272727273,0.09774866810517673,1.0,13660.0
0.5,0.2,0.7272727272727273,1.0,0.0,13767.0
0.5,0.2,0.7272727272727273,1.0,0.3333333333333333,14095.0
0.5,0.2,0.7272727272727273,1.0,1.0,14045.0
0.5,0.2,1.0,0.0,0.0,13646.0
0.5,0.2,1.0,0.0,0.3333333333333333,13909.0
0.5,0.2,1.0,0.0,1.0,14550.0
0.5,0.2,1.0,0.0075235349156944,0.0,14365.0
0.5,0.2,1.0,0.0075235349156944,0.3333333333333333,13730.0
0.5,0.2,1.0,0.0075235349156944,1.0,14175.0
0.5,0.2,1.0,0.04752811777960244,0.0,14151.0
0.5,0.2,1.0,0.04752811777960244,0.3333333333333333,14745.0
0.5,0.2,1.0,0.04752811777960244,1.0,14184.0
0.5,0.2,1.0,0.09774866810517673,0.0,15329.0
0.5,0.2,1.0,0.09774866810517673,0.3333333333333333,14617.0
0.5,0.2,1.0,0.09774866810517673,1.0,14421.0
0.5,0.2,1.0,1.0,0.0,14718.0
0.5,0.2,1.0,1.0,0.3333333333333333,14810.0
0.5,0.2,1.0,1.0,1.0,13906.0
0.5,0.4,0.0,0.0,0.0,9701.8
0.5,0.4,0.0,0.0,0.3333333333333333,9742.7
0.5,0.4,0.0,0.0,1.0,9534.9
0.5,0.4,0.0,0.0075235349156944,0.0,9661.6
0.5,0.4,0.0,0.0075235349156944,0.3333333333333333,9649.2
0.5,0.4,0.0,0.0075235349156944,1.0,9682.5
0.5,0.4,0.0,0.04752811777960244,0.0,9536.1
0.5,0.4,0.0,0.04752811777960244,0.3333333333333333,9398.1
0.5,0.4,0.0,0.04752811777960244,1.0,9575.8
0.5,0.4,0.0,0.09774866810517673,0.0,9422.9
0.5,0.4,0.0,0.09774866810517673,0.3333333333333333,9705.7
0.5,0.4,0.0,0.09774866810517673,1.0,9557.2
0.5,0.4,0.0,1.0,0.0,9503.6
0.5,0.4,0.0,1.0,0.3333333333333333,9574.4
0.5,0.4,0.0,1.0,1.0,9506.0
0.5,0.4,0.09090909090909091,0.0,0.0,11442.0
0.5,0.4,0.09090909090909091,0.0,0.3333333333333333,11491.0
0.5,0.4,0.09090909090909091,0.0,1.0,11788.0
0.5,0.4,0.09090909090909091,0.0075235349156944,0.0,11316.0
0.5,0.4,0.09090909090909091,0.0075235349156944,0.3333333333333333,11577.0
0.5,0.4,0.09090909090909091,0.0075235349156944,1.0,11271.0
0.5,0.4,0.09090909090909091,0.04752811777960244,0.0,11852.0
0.5,0.4,0.09090909090909091,0.04752811777960244,0.3333333333333333,11639.0
0.5,0.4,0.09090909090909091,0.04752811777960244,1.0,11766.0
0.5,0.4,0.09090909090909091,0.09774866810517673,0.0,11551.0
0.5,0.4,0.09090909090909091,0.09774866810517673,0.3333333333333333,11816.0
0.5,0.4,0.09090909090909091,0.09774866810517673,1.0,11524.0
0.5,0.4,0.09090909090909091,1.0,0.0,11445.0
0.5,0.4,0.09090909090909091,1.0,0.3333333333333333,11801.0
0.5,0.4,0.09090909090909091,1.0,1.0,11384.0
0.5,0.4,0.18181818181818182,0.0,0.0,11589.0
0.5,0.4,0.18181818181818182,0.0,0.3333333333333333,11756.0
0.5,0.4,0.18181818181818182,0.0,1.0,11877.0
0.5,0.4,0.18181818181818182,0.0075235349156944,0.0,11813.0
0.5,0.4,0.18181818181818182,0.0075235349156944,0.3333333333333333,11724.0
0.5,0.4,0.18181818181818182,0.0075235349156944,1.0,11688.0
0.5,0.4,0.18181818181818182,0.04752811777960244,0.0,11835.0
0.5,0.4,0.18181818181818182,0.04752811777960244,0.3333333333333333,11637.0
0.5,0.4,0.18181818181818182,0.04752811777960244,1.0,11731.0
0.5,0.4,0.18181818181818182,0.09774866810517673,0.0,11761.0
0.5,0.4,0.18181818181818182,0.09774866810517673,0.3333333333333333,11501.0
0.5,0.4,0.18181818181818182,0.09774866810517673,1.0,11394.0
0.5,0.4,0.18181818181818182,1.0,0.0,11524.0
0.5,0.4,0.18181818181818182,1.0,0.3333333333333333,11645.0
0.5,0.4,0.18181818181818182,1.0,1.0,11811.0
0.5,0.4,0.45454545454545453,0.0,0.0,12877.0
0.5,0.4,0.45454545454545453,0.0,0.3333333333333333,12656.0
0.5,0.4,0.45454545454545453,0.0,1.0,12754.0
0.5,0.4,0.45454545454545453,0.0075235349156944,0.0,12518.0
0.5,0.4,0.45454545454545453,0.0075235349156944,0.3333333333333333,13031.0
0.5,0.4,0.45454545454545453,0.0075235349156944,1.0,13339.0
0.5,0.4,0.45454545454545453,0.04752811777960244,0.0,12778.0
0.5,0.4,0.45454545454545453,0.04752811777960244,0.3333333333333333,13193.0
0.5,0.4,0.45454545454545453,0.04752811777960244,1.0,12844.0
0.5,0.4,0.45454545454545453,0.09774866810517673,0.0,12551.0
0.5,0.4,0.45454545454545453,0.09774866810517673,0.3333333333333333,12828.0
0.5,0.4,0.45454545454545453,0.09774866810517673,1.0,13122.0
0.5,0.4,0.45454545454545453,1.0,0.0,12741.0
0.5,0.4,0.45454545454545453,1.0,0.3333333333333333,12798.0
0.5,0.4,0.45454545454545453,1.0,1.0,12534.0
0.5,0.4,0.7272727272727273,0.0,0.0,13921.0
0.5,0.4,0.7272727272727273,0.0,0.3333333333333333,14045.0
0.5,0.4,0.7272727272727273,0.0,1.0,13737.0
0.5,0.4,0.7272727272727273,0.0075235349156944,0.0,13802.0
0.5,0.4,0.7272727272727273,0.0075235349156944,0.3333333333333333,14713.0
0.5,0.4,0.7272727272727273,0.0075235349156944,1.0,14171.0
0.5,0.4,0.7272727272727273,0.04752811777960244,0.0,13944.0
0.5,0.4,0.7272727272727273,0.04752811777960244,0.3333333333333333,13891.0
0.5,0.4,0.7272727272727273,0.04752811777960244,1.0,13800.0
0.5,0.4,0.7272727272727273,0.09774866810517673,0.0,13594.0
0.5,0.4,0.7272727272727273,0.09774866810517673,0.3333333333333333,13584.0
0.5,0.4,0.7272727272727273,0.09774866810517673,1.0,13615.0
0.5,0.4,0.7272727272727273,1.0,0.0,13810.0
0.5,0.4,0.7272727272727273,1.0,0.3333333333333333,14244.0
0.5,0.4,0.7272727272727273,1.0,1.0,13943.0
0.5,0.4,1.0,0.0,0.0,14230.0
0.5,0.4,1.0,0.0,0.3333333333333333,14620.0
0.5,0.4,1.0,0.0,1.0,14306.0
0.5,0.4,1.0,0.0075235349156944,0.0,14019.0
0.5,0.4,1.0,0.0075235349156944,0.3333333333333333,14811.0
0.5,0.4,1.0,0.0075235349156944,1.0,13643.0
0.5,0.4,1.0,0.04752811777960244,0.0,14808.0
0.5,0.4,1.0,0.04752811777960244,0.3333333333333333,14707.0
0.5,0.4,1.0,0.04752811777960244,1.0,14557.0
0.5,0.4,1.0,0.09774866810517673,0.0,14458.0
0.5,0.4,1.0,0.09774866810517673,0.3333333333333333,14750.0
0.5,0.4,1.0,0.09774866810517673,1.0,14968.0
0.5,0.4,1.0,1.0,0.0,14436.0
0.5,0.4,1.0,1.0,0.3333333333333333,14757.0
0.5,0.4,1.0,1.0,1.0,14753.0
0.5,1.0,0.0,0.0,0.0,9876.2
0.5,1.0,0.0,0.0,0.3333333333333333,9697.1
0.5,1.0,0.0,0.0,1.0,9787.4
0.5,1.0,0.0,0.0075235349156944,0.0,9912.1
0.5,1.0,0.0,0.0075235349156944,0.3333333333333333,9521.7
0.5,1.0,0.0,0.0075235349156944,1.0,9551.3
0.5,1.0,0.0,0.04752811777960244,0.0,9730.6
0.5,1.0,0.0,0.04752811777960244,0.3333333333333333,9711.3
0.5,1.0,0.0,0.04752811777960244,1.0,9897.6
0.5,1.0,0.0,0.09774866810517673,0.0,9789.0
0.5,1.0,0.0,0.09774866810517673,0.3333333333333333,10063.0
0.5,1.0,0.0,0.09774866810517673,1.0,9656.2
0.5,1.0,0.0,1.0,0.0,9884.0
0.5,1.0,0.0,1.0,0.3333333333333333,9745.7
0.5,1.0,0.0,1.0,1.0,9819.2
0.5,1.0,0.09090909090909091,0.0,0.0,11742.0
0.5,1.0,0.09090909090909091,0.0,0.3333333333333333,11921.0
0.5,1.0,0.09090909090909091,0.0,1.0,11493.0
0.5,1.0,0.09090909090909091,0.0075235349156944,0.0,11758.0
0.5,1.0,0.09090909090909091,0.0075235349156944,0.3333333333333333,11437.0
0.5,1.0,0.09090909090909091,0.0075235349156944,1.0,11929.0
0.5,1.0,0.09090909090909091,0.04752811777960244,0.0,11574.0
0.5,1.0,0.09090909090909091,0.04752811777960244,0.3333333333333333,11656.0
0.5,1.0,0.09090909090909091,0.04752811777960244,1.0,11772.0
0.5,1.0,0.09090909090909091,0.09774866810517673,0.0,11428.0
0.5,1.0,0.09090909090909091,0.09774866810517673,0.3333333333333333,11537.0
0.5,1.0,0.09090909090909091,0.09774866810517673,1.0,11603.0
0.5,1.0,0.09090909090909091,1.0,0.0,11655.0
0.5,1.0,0.09090909090909091,1.0,0.3333333333333333,11777.0
0.5,1.0,0.09090909090909091,1.0,1.0,11403.0
0.5,1.0,0.18181818181818182,0.0,0.0,11573.0
0.5,1.0,0.18181818181818182,0.0,0.3333333333333333,11950.0
0.5,1.0,0.18181818181818182,0.0,1.0,12128.0
0.5,1.0,0.18181818181818182,0.0075235349156944,0.0,11937.0
0.5,1.0,0.18181818181818182,0.0075235349156944,0.3333333333333333,11645.0
0.5,1.0,0.18181818181818182,0.0075235349156944,1.0,11856.0
0.5,1.0,0.18181818181818182,0.04752811777960244,0.0,11785.0
0.5,1.0,0.18181818181818182,0.04752811777960244,0.3333333333333333,12142.0
0.5,1.0,0.18181818181818182,0.04752811777960244,1.0,11681.0
0.5,1.0,0.18181818181818182,0.09774866810517673,0.0,11813.0
0.5,1.0,0.18181818181818182,0.09774866810517673,0.3333333333333333,11535.0
0.5,1.0,0.18181818181818182,0.09774866810517673,1.0,11864.0
0.5,1.0,0.18181818181818182,1.0,0.0,11706.0
0.5,1.0,0.18181818181818182,1.0,0.3333333333333333,12007.0
0.5,1.0,0.18181818181818182,1.0,1.0,11818.0
0.5,1.0,0.45454545454545453,0.0,0.0,12980.0
0.5,1.0,0.45454545454545453,0.0,0.3333333333333333,12864.0
0.5,1.0,0.45454545454545453,0.0,1.0,13308.0
0.5,1.0,0.45454545454545453,0.0075235349156944,0.0,13087.0
0.5,1.0,0.45454545454545453,0.0075235349156944,0.3333333333333333,13013.0
0.5,1.0,0.45454545454545453,0.0075235349156944,1.0,13047.0
0.5,1.0,0.45454545454545453,0.04752811777960244,0.0,12790.0
0.5,1.0,0.45454545454545453,0.04752811777960244,0.3333333333333333,13097.0
0.5,1.0,0.45454545454545453,0.04752811777960244,1.0,13143.0
0.5,1.0,0.45454545454545453,0.09774866810517673,0.0,12992.0
0.5,1.0,0.45454545454545453,0.09774866810517673,0.3333333333333333,13286.0
0.5,1.0,0.45454545454545453,0.09774866810517673,1.0,12904.0
0.5,1.0,0.45454545454545453,1.0,0.0,13029.0
0.5,1.0,0.45454545454545453,1.0,0.3333333333333333,13549.0
0.5,1.0,0.45454545454545453,1.0,1.0,13050.0
0.5,1.0,0.7272727272727273,0.0,0.0,14216.0
0.5,1.0,0.7272727272727273,0.0,0.3333333333333333,14471.0
0.5,1.0,0.7272727272727273,0.0,1.0,14476.0
0.5,1.0,0.7272727272727273,0.0075235349156944,0.0,14163.0
0.5,1.0,0.7272727272727273,0.0075235349156944,0.3333333333333333,14549.0
0.5,1.0,0.7272727272727273,0.0075235349156944,1.0,14215.0
0.5,1.0,0.7272727272727273,0.04752811777960244,0.0,14230.0
0.5,1.0,0.7272727272727273,0.04752811777960244,0.3333333333333333,14311.0
0.5,1.0,0.7272727272727273,0.04752811777960244,1.0,14304.0
0.5,1.0,0.7272727272727273,0.09774866810517673,0.0,14507.0
0.5,1.0,0.7272727272727273,0.09774866810517673,0.3333333333333333,14392.0
0.5,1.0,0.7272727272727273,0.09774866810517673,1.0,14623.0
0.5,1.0,0.7272727272727273,1.0,0.0,14311.0
0.5,1.0,0.7272727272727273,1.0,0.3333333333333333,14084.0
0.5,1.0,0.7272727272727273,1.0,1.0,14121.0
0.5,1.0,1.0,0.0,0.0,14910.0
0.5,1.0,1.0,0.0,0.3333333333333333,15413.0
0.5,1.0,1.0,0.0,1.0,15084.0
0.5,1.0,1.0,0.0075235349156944,0.0,15523.0
0.5,1.0,1.0,0.0075235349156944,0.3333333333333333,15471.0
0.5,1.0,1.0,0.0075235349156944,1.0,15256.0
0.5,1.0,1.0,0.04752811777960244,0.0,15546.0
0.5,1.0,1.0,0.04752811777960244,0.3333333333333333,15339.0
0.5,1.0,1.0,0.04752811777960244,1.0,15095.0
0.5,1.0,1.0,0.09774866810517673,0.0,15587.0
0.5,1.0,1.0,0.09774866810517673,0.3333333333333333,15871.0
0.5,1.0,1.0,0.09774866810517673,1.0,15139.0
0.5,1.0,1.0,1.0,0.0,15663.0
0.5,1.0,1.0,1.0,0.3333333333333333,15247.0
0.5,1.0,1.0,1.0,1.0,15578.0
1.0,0.0,0.0,0.0,0.0,7730.2
1.0,0.0,0.0,0.0,0.3333333333333333,7954.8
1.0,0.0,0.0,0.0,1.0,7855.3
1.0,0.0,0.0,0.0075235349156944,0.0,7896.7
1.0,0.0,0.0,0.0075235349156944,0.3333333333333333,7845.3
1.0,0.0,0.0,0.0075235349156944,1.0,7768.4
1.0,0.0,0.0,0.04752811777960244,0.0,7879.3
1.0,0.0,0.0,0.04752811777960244,0.3333333333333333,7862.6
1.0,0.0,0.0,0.04752811777960244,1.0,7858.1
1.0,0.0,0.0,0.09774866810517673,0.0,7941.4
1.0,0.0,0.0,0.09774866810517673,0.3333333333333333,7926.8
1.0,0.0,0.0,0.09774866810517673,1.0,7999.9
1.0,0.0,0.0,1.0,0.0,7939.4
1.0,0.0,0.0,1.0,0.3333333333333333,7860.1
1.0,0.0,0.0,1.0,1.0,7752.5
1.0,0.0,0.09090909090909091,0.0,0.0,11108.0
1.0,0.0,0.09090909090909091,0.0,0.3333333333333333,11360.0
1.0,0.0,0.09090909090909091,0.0,1.0,11070.0
1.0,0.0,0.09090909090909091,0.0075235349156944,0.0,11192.0
1.0,0.0,0.09090909090909091,0.0075235349156944,0.3333333333333333,11301.0
1.0,0.0,0.09090909090909091,0.0075235349156944,1.0,11332.0
1.0,0.0,0.09090909090909091,0.04752811777960244,0.0,11617.0
1.0,0.0,0.09090909090909091,0.04752811777960244,0.3333333333333333,11326.0
1.0,0.0,0.09090909090909091,0.04752811777960244,1.0,11409.0
1.0,0.0,0.09090909090909091,0.09774866810517673,0.0,10925.0
1.0,0.0,0.09090909090909091,0.09774866810517673,0.3333333333333333,11201.0
1.0,0.0,0.09090909090909091,0.09774866810517673,1.0,11561.0
1.0,0.0,0.09090909090909091,1.0,0.0,11367.0
1.0,0.0,0.09090909090909091,1.0,0.3333333333333333,11515.0
1.0,0.0,0.09090909090909091,1.0,1.0,11151.0
1.0,0.0,0.18181818181818182,0.0,0.0,12043.0
1.0,0.0,0.18181818181818182,0.0,0.3333333333333333,11891.0
1.0,0.0,0.18181818181818182,0.0,1.0,12026.0
1.0,0.0,0.18181818181818182,0.0075235349156944,0.0,11845.0
1.0,0.0,0.18181818181818182,0.0075235349156944,0.3333333333333333,11821.0
1.0,0.0,0.18181818181818182,0.0075235349156944,1.0,11828.0
1.0,0.0,0.18181818181818182,0.04752811777960244,0.0,11941.0
1.0,0.0,0.18181818181818182,0.04752811777960244,0.3333333333333333,11968.0
1.0,0.0,0.18181818181818182,0.04752811777960244,1.0,12097.0
1.0,0.0,0.18181818181818182,0.09774866810517673,0.0,11816.0
1.0,0.0,0.18181818181818182,0.09774866810517673,0.3333333333333333,11795.0
1.0,0.0,0.18181818181818182,0.09774866810517673,1.0,11873.0
1.0,0.0,0.18181818181818182,1.0,0.0,11912.0
1.0,0.0,0.18181818181818182,1.0,0.3333333333333333,11841.0
1.0,0.0,0.18181818181818182,1.0,1.0,11900.0
1.0,0.0,0.45454545454545453,0.0,0.0,11920.0
1.0,0.0,0.45454545454545453,0.0,0.3333333333333333,11676.0
1.0,0.0,0.45454545454545453,0.0,1.0,12068.0
1.0,0.0,0.45454545454545453,0.0075235349156944,0.0,12174.0
1.0,0.0,0.45454545454545453,0.0075235349156944,0.3333333333333333,12056.0
1.0,0.0,0.45454545454545453,0.0075235349156944,1.0,12361.0
1.0,0.0,0.45454545454545453,0.04752811777960244,0.0,12152.0
1.0,0.0,0.45454545454545453,0.04752811777960244,0.3333333333333333,11652.0
1.0,0.0,0.45454545454545453,0.04752811777960244,1.0,11978.0
1.0,0.0,0.45454545454545453,0.09774866810517673,0.0,11497.0
1.0,0.0,0.45454545454545453,0.09774866810517673,0.3333333333333333,11847.0
1.0,0.0,0.45454545454545453,0.09774866810517673,1.0,12119.0
1.0,0.0,0.45454545454545453,1.0,0.0,11781.0
1.0,0.0,0.45454545454545453,1.0,0.3333333333333333,12052.0
1.0,0.0,0.45454545454545453,1.0,1.0,12072.0
1.0,0.0,0.7272727272727273,0.0,0.0,12422.0
1.0,0.0,0.7272727272727273,0.0,0.3333333333333333,12160.0
1.0,0.0,0.7272727272727273,0.0,1.0,12150.0
1.0,0.0,0.7272727272727273,0.0075235349156944,0.0,12287.0
1.0,0.0,0.7272727272727273,0.0075235349156944,0.3333333333333333,12351.0
1.0,0.0,0.7272727272727273,0.0075235349156944,1.0,12279.0
1.0,0.0,0.7272727272727273,0.04752811777960244,0.0,12033.0
1.0,0.0,0.7272727272727273,0.04752811777960244,0.3333333333333333,12467.0
1.0,0.0,0.7272727272727273,0.04752811777960244,1.0,12717.0
1.0,0.0,0.7272727272727273,0.09774866810517673,0.0,12231.0
1.0,0.0,0.7272727272727273,0.09774866810517673,0.3333333333333333,12296.0
1.0,0.0,0.7272727272727273,0.09774866810517673,1.0,12327.0
1.0,0.0,0.7272727272727273,1.0,0.0,11939.0
1.0,0.0,0.7272727272727273,1.0,0.3333333333333333,12282.0
1.0,0.0,0.7272727272727273,1.0,1.0,12047.0
1.0,0.0,1.0,0.0,0.0,12289.0
1.0,0.0,1.0,0.0,0.3333333333333333,12515.0
1.0,0.0,1.0,0.0,1.0,12410.0
1.0,0.0,1.0,0.0075235349156944,0.0,12174.0
1.0,0.0,1.0,0.0075235349156944,0.3333333333333333,12460.0
1.0,0.0,1.0,0.0075235349156944,1.0,12827.0
1.0,0.0,1.0,0.04752811777960244,0.0,12585.0
1.0,0.0,1.0,0.04752811777960244,0.3333333333333333,12539.0
1.0,0.0,1.0,0.04752811777960244,1.0,12483.0
1.0,0.0,1.0,0.09774866810517673,0.0,12624.0
1.0,0.0,1.0,0.09774866810517673,0.3333333333333333,12464.0
1.0,0.0,1.0,0.09774866810517673,1.0,11988.0
1.0,0.0,1.0,1.0,0.0,12489.0
1.0,0.0,1.0,1.0,0.3333333333333333,12418.0
1.0,0.0,1.0,1.0,1.0,11934.0
1.0,0.2,0.0,0.0,0.0,8360.5
1.0,0.2,0.0,0.0,0.3333333333333333,8426.9
1.0,0.2,0.0,0.0,1.0,8198.4
1.0,0.2,0.0,0.0075235349156944,0.0,7982.3
1.0,0.2,0.0,0.0075235349156944,0.3333333333333333,8198.2
1.0,0.2,0.0,0.0075235349156944,1.0,8333.2
1.0,0.2,0.0,0.04752811777960244,0.0,8168.1
1.0,0.2,0.0,0.04752811777960244,0.3333333333333333,8231.7
1.0,0.2,0.0,0.04752811777960244,1.0,8473.0
1.0,0.2,0.0,0.09774866810517673,0.0,8170.9
1.0,0.2,0.0,0.09774866810517673,0.3333333333333333,8195.2
1.0,0.2,0.0,0.09774866810517673,1.0,8407.0
1.0,0.2,0.0,1.0,0.0,8379.6
1.0,0.2,0.0,1.0,0.3333333333333333,8153.9
1.0,0.2,0.0,1.0,1.0,7975.1
1.0,0.2,0.09090909090909091,0.0,0.0,11421.0
1.0,0.2,0.09090909090909091,0.0,0.3333333333333333,11521.0
1.0,0.2,0.09090909090909091,0.0,1.0,11542.0
1.0,0.2,0.09090909090909091,0.0075235349156944,0.0,11965.0
1.0,0.2,0.09090909090909091,0.0075235349156944,0.3333333333333333,11309.0
1.0,0.2,0.09090909090909091,0.0075235349156944,1.0,11321.0
1.0,0.2,0.09090909090909091,0.04752811777960244,0.0,11749.0
1.0,0.2,0.09090909090909091,0.04752811777960244,0.3333333333333333,11615.0
1.0,0.2,0.09090909090909091,0.04752811777960244,1.0,11650.0
1.0,0.2,0.09090909090909091,0.09774866810517673,0.0,11682.0
1.0,0.2,0.09090909090909091,0.09774866810517673,0.3333333333333333,11490.0
1.0,0.2,0.09090909090909091,0.09774866810517673,1.0,11672.0
1.0,0.2,0.09090909090909091,1.0,0.0,11349.0
1.0,0.2,0.09090909090909091,1.0,0.3333333333333333,11453.0
1.0,0.2,0.09090909090909091,1.0,1.0,11508.0
1.0,0.2,0.18181818181818182,0.0,0.0,12655.0
1.0,0.2,0.18181818181818182,0.0,0.3333333333333333,12512.0
1.0,0.2,0.18181818181818182,0.0,1.0,12419.0
1.0,0.2,0.18181818181818182,0.0075235349156944,0.0,12313.0
1.0,0.2,0.18181818181818182,0.0075235349156944,0.3333333333333333,12235.0
1.0,0.2,0.18181818181818182,0.0075235349156944,1.0,12555.0
1.0,0.2,0.18181818181818182,0.04752811777960244,0.0,12372.0
1.0,0.2,0.18181818181818182,0.04752811777960244,0.3333333333333333,12451.0
1.0,0.2,0.18181818181818182,0.04752811777960244,1.0,12315.0
1.0,0.2,0.18181818181818182,0.09774866810517673,0.0,12599.0
1.0,0.2,0.18181818181818182,0.09774866810517673,0.3333333333333333,12742.0
1.0,0.2,0.18181818181818182,0.09774866810517673,1.0,12465.0
1.0,0.2,0.18181818181818182,1.0,0.0,12181.0
1.0,0.2,0.18181818181818182,1.0,0.3333333333333333,12580.0
1.0,0.2,0.18181818181818182,1.0,1.0,12315.0
1.0,0.2,0.45454545454545453,0.0,0.0,14249.0
1.0,0.2,0.45454545454545453,0.0,0.3333333333333333,13913.0
1.0,0.2,0.45454545454545453,0.0,1.0,14224.0
1.0,0.2,0.45454545454545453,0.0075235349156944,0.0,14145.0
1.0,0.2,0.45454545454545453,0.0075235349156944,0.3333333333333333,13980.0
1.0,0.2,0.45454545454545453,0.0075235349156944,1.0,13970.0
1.0,0.2,0.45454545454545453,0.04752811777960244,0.0,14041.0
1.0,0.2,0.45454545454545453,0.04752811777960244,0.3333333333333333,14395.0
1.0,0.2,0.45454545454545453,0.04752811777960244,1.0,14251.0
1.0,0.2,0.45454545454545453,0.09774866810517673,0.0,13983.0
1.0,0.2,0.45454545454545453,0.09774866810517673,0.3333333333333333,14290.0
1.0,0.2,0.45454545454545453,0.09774866810517673,1.0,13714.0
1.0,0.2,0.45454545454545453,1.0,0.0,13938.0
1.0,0.2,0.45454545454545453,1.0,0.3333333333333333,14083.0
1.0,0.2,0.45454545454545453,1.0,1.0,13862.0
1.0,0.2,0.7272727272727273,0.0,0.0,15582.0
1.0,0.2,0.7272727272727273,0.0,0.3333333333333333,15383.0
1.0,0.2,0.7272727272727273,0.0,1.0,15112.0
1.0,0.2,0.7272727272727273,0.0075235349156944,0.0,14853.0
1.0,0.2,0.7272727272727273,0.0075235349156944,0.3333333333333333,14871.0
1.0,0.2,0.7272727272727273,0.0075235349156944,1.0,15161.0
1.0,0.2,0.7272727272727273,0.04752811777960244,0.0,15026.0
1.0,0.2,0.7272727272727273,0.04752811777960244,0.3333333333333333,15317.0
1.0,0.2,0.7272727272727273,0.04752811777960244,1.0,15224.0
1.0,0.2,0.7272727272727273,0.09774866810517673,0.0,15150.0
1.0,0.2,0.7272727272727273,0.09774866810517673,0.3333333333333333,15773.0
1.0,0.2,0.7272727272727273,0.09774866810517673,1.0,15101.0
1.0,0.2,0.7272727272727273,1.0,0.0,13986.0
1.0,0.2,0.7272727272727273,1.0,0.3333333333333333,15722.0
1.0,0.2,0.7272727272727273,1.0,1.0,15478.0
1.0,0.2,1.0,0.0,0.0,16022.0
1.0,0.2,1.0,0.0,0.3333333333333333,15617.0
1.0,0.2,1.0,0.0,1.0,15494.0
1.0,0.2,1.0,0.0075235349156944,0.0,15889.0
1.0,0.2,1.0,0.0075235349156944,0.3333333333333333,15245.0
1.0,0.2,1.0,0.0075235349156944,1.0,16364.0
1.0,0.2,1.0,0.04752811777960244,0.0,15955.0
1.0,0.2,1.0,0.04752811777960244,0.3333333333333333,15855.0
1.0,0.2,1.0,0.04752811777960244,1.0,15491.0
1.0,0.2,1.0,0.09774866810517673,0.0,16054.0
1.0,0.2,1.0,0.09774866810517673,0.3333333333333333,15980.0
1.0,0.2,1.0,0.09774866810517673,1.0,15698.0
1.0,0.2,1.0,1.0,0.0,15753.0
1.0,0.2,1.0,1.0,0.3333333333333333,15825.0
1.0,0.2,1.0,1.0,1.0,15681.0
1.0,0.4,0.0,0.0,0.0,8196.0
1.0,0.4,0.0,0.0,0.3333333333333333,8111.1
1.0,0.4,0.0,0.0,1.0,8533.0
1.0,0.4,0.0,0.0075235349156944,0.0,8207.4
1.0,0.4,0.0,0.0075235349156944,0.3333333333333333,8491.4
1.0,0.4,0.0,0.0075235349156944,1.0,8363.8
1.0,0.4,0.0,0.04752811777960244,0.0,8524.5
1.0,0.4,0.0,0.04752811777960244,0.3333333333333333,8134.6
1.0,0.4,0.0,0.04752811777960244,1.0,8500.0
1.0,0.4,0.0,0.09774866810517673,0.0,8024.9
1.0,0.4,0.0,0.09774866810517673,0.3333333333333333,8393.1
1.0,0.4,0.0,0.09774866810517673,1.0,8511.6
1.0,0.4,0.0,1.0,0.0,8135.8
1.0,0.4,0.0,1.0,0.3333333333333333,8083.4
1.0,0.4,0.0,1.0,1.0,8137.3
1.0,0.4,0.09090909090909091,0.0,0.0,11672.0
1.0,0.4,0.09090909090909091,0.0,0.3333333333333333,11345.0
1.0,0.4,0.09090909090909091,0.0,1.0,11687.0
1.0,0.4,0.09090909090909091,0.0075235349156944,0.0,11595.0
1.0,0.4,0.09090909090909091,0.0075235349156944,0.3333333333333333,11461.0
1.0,0.4,0.09090909090909091,0.0075235349156944,1.0,11542.0
1.0,0.4,0.09090909090909091,0.04752811777960244,0.0,11674.0
1.0,0.4,0.09090909090909091,0.04752811777960244,0.3333333333333333,11357.0
1.0,0.4,0.09090909090909091,0.04752811777960244,1.0,11475.0
1.0,0.4,0.09090909090909091,0.09774866810517673,0.0,12004.0
1.0,0.4,0.09090909090909091,0.09774866810517673,0.3333333333333333,11650.0
1.0,0.4,0.09090909090909091,0.09774866810517673,1.0,11638.0
1.0,0.4,0.09090909090909091,1.0,0.0,11738.0
1.0,0.4,0.09090909090909091,1.0,0.3333333333333333,11528.0
1.0,0.4,0.09090909090909091,1.0,1.0,11077.0
1.0,0.4,0.18181818181818182,0.0,0.0,13751.0
1.0,0.4,0.18181818181818182,0.0,0.3333333333333333,13419.0
1.0,0.4,0.18181818181818182,0.0,1.0,13318.0
1.0,0.4,0.18181818181818182,0.0075235349156944,0.0,13453.0
1.0,0.4,0.18181818181818182,0.0075235349156944,0.3333333333333333,13658.0
1.0,0.4,0.18181818181818182,0.0075235349156944,1.0,13652.0
1.0,0.4,0.18181818181818182,0.04752811777960244,0.0,13722.0
1.0,0.4,0.18181818181818182,0.04752811777960244,0.3333333333333333,13463.0
1.0,0.4,0.18181818181818182,0.04752811777960244,1.0,13786.0
1.0,0.4,0.18181818181818182,0.09774866810517673,0.0,13359.0
1.0,0.4,0.18181818181818182,0.09774866810517673,0.3333333333333333,13672.0
1.0,0.4,0.18181818181818182,0.09774866810517673,1.0,13891.0
1.0,0.4,0.18181818181818182,1.0,0.0,13981.0
1.0,0.4,0.18181818181818182,1.0,0.3333333333333333,13713.0
1.0,0.4,0.18181818181818182,1.0,1.0,13499.0
1.0,0.4,0.45454545454545453,0.0,0.0,15503.0
1.0,0.4,0.45454545454545453,0.0,0.3333333333333333,15488.0
1.0,0.4,0.45454545454545453,0.0,1.0,15392.0
1.0,0.4,0.45454545454545453,0.0075235349156944,0.0,15151.0
1.0,0.4,0.45454545454545453,0.0075235349156944,0.3333333333333333,15572.0
1.0,0.4,0.45454545454545453,0.0075235349156944,1.0,15403.0
1.0,0.4,0.45454545454545453,0.04752811777960244,0.0,14876.0
1.0,0.4,0.45454545454545453,0.04752811777960244,0.3333333333333333,15373.0
1.0,0.4,0.45454545454545453,0.04752811777960244,1.0,15642.0
1.0,0.4,0.45454545454545453,0.09774866810517673,0.0,15352.0
1.0,0.4,0.45454545454545453,0.09774866810517673,0.3333333333333333,15353.0
1.0,0.4,0.45454545454545453,0.09774866810517673,1.0,15446.0
1.0,0.4,0.45454545454545453,1.0,0.0,15647.0
1.0,0.4,0.45454545454545453,1.0,0.3333333333333333,15287.0
1.0,0.4,0.45454545454545453,1.0,1.0,15349.0
1.0,0.4,0.7272727272727273,0.0,0.0,16291.0
1.0,0.4,0.7272727272727273,0.0,0.3333333333333333,17633.0
1.0,0.4,0.7272727272727273,0.0,1.0,17079.0
1.0,0.4,0.7272727272727273,0.0075235349156944,0.0,17286.0
1.0,0.4,0.7272727272727273,0.0075235349156944,0.3333333333333333,17049.0
1.0,0.4,0.7272727272727273,0.0075235349156944,1.0,16777.0
1.0,0.4,0.7272727272727273,0.04752811777960244,0.0,16854.0
1.0,0.4,0.7272727272727273,0.04752811777960244,0.3333333333333333,16386.0
1.0,0.4,0.7272727272727273,0.04752811777960244,1.0,17079.0
1.0,0.4,0.7272727272727273,0.09774866810517673,0.0,16569.0
1.0,0.4,0.7272727272727273,0.09774866810517673,0.3333333333333333,17089.0
1.0,0.4,0.7272727272727273,0.09774866810517673,1.0,16833.0
1.0,0.4,0.7272727272727273,1.0,0.0,16949.0
1.0,0.4,0.7272727272727273,1.0,0.3333333333333333,16916.0
1.0,0.4,0.7272727272727273,1.0,1.0,16995.0
1.0,0.4,1.0,0.0,0.0,17736.0
1.0,0.4,1.0,0.0,0.3333333333333333,18349.0
1.0,0.4,1.0,0.0,1.0,17812.0
1.0,0.4,1.0,0.0075235349156944,0.0,17892.0
1.0,0.4,1.0,0.0075235349156944,0.3333333333333333,18529.0
1.0,0.4,1.0,0.0075235349156944,1.0,18663.0
1.0,0.4,1.0,0.04752811777960244,0.0,18196.0
1.0,0.4,1.0,0.04752811777960244,0.3333333333333333,17809.0
1.0,0.4,1.0,0.04752811777960244,1.0,17944.0
1.0,0.4,1.0,0.09774866810517673,0.0,17364.0
1.0,0.4,1.0,0.09774866810517673,0.3333333333333333,17738.0
1.0,0.4,1.0,0.09774866810517673,1.0,17853.0
1.0,0.4,1.0,1.0,0.0,18019.0
1.0,0.4,1.0,1.0,0.3333333333333333,18040.0
1.0,0.4,1.0,1.0,1.0,18140.0
1.0,1.0,0.0,0.0,0.0,8184.2
1.0,1.0,0.0,0.0,0.3333333333333333,8361.9
1.0,1.0,0.0,0.0,1.0,8443.9
1.0,1.0,0.0,0.0075235349156944,0.0,8358.1
1.0,1.0,0.0,0.0075235349156944,0.3333333333333333,8316.5
1.0,1.0,0.0,0.0075235349156944,1.0,8411.9
1.0,1.0,0.0,0.04752811777960244,0.0,8059.8
1.0,1.0,0.0,0.04752811777960244,0.3333333333333333,8413.5
1.0,1.0,0.0,0.04752811777960244,1.0,8417.0
1.0,1.0,0.0,0.09774866810517673,0.0,8560.2
1.0,1.0,0.0,0.09774866810517673,0.3333333333333333,8344.1
1.0,1.0,0.0,0.09774866810517673,1.0,8455.1
1.0,1.0,0.0,1.0,0.0,8395.2
1.0,1.0,0.0,1.0,0.3333333333333333,8444.7
1.0,1.0,0.0,1.0,1.0,8517.7
1.0,1.0,0.09090909090909091,0.0,0.0,11627.0
1.0,1.0,0.09090909090909091,0.0,0.3333333333333333,12018.0
1.0,1.0,0.09090909090909091,0.0,1.0,11792.0
1.0,1.0,0.09090909090909091,0.0075235349156944,0.0,11605.0
1.0,1.0,0.09090909090909091,0.0075235349156944,0.3333333333333333,11594.0
1.0,1.0,0.09090909090909091,0.0075235349156944,1.0,11313.0
1.0,1.0,0.09090909090909091,0.04752811777960244,0.0,11808.0
1.0,1.0,0.09090909090909091,0.04752811777960244,0.3333333333333333,11969.0
1.0,1.0,0.09090909090909091,0.04752811777960244,1.0,11850.0
1.0,1.0,0.09090909090909091,0.09774866810517673,0.0,11642.0
1.0,1.0,0.09090909090909091,0.09774866810517673,0.3333333333333333,11680.0
1.0,1.0,0.09090909090909091,0.09774866810517673,1.0,12198.0
1.0,1.0,0.09090909090909091,1.0,0.0,11880.0
1.0,1.0,0.09090909090909091,1.0,0.3333333333333333,11411.0
1.0,1.0,0.09090909090909091,1.0,1.0,12107.0
1.0,1.0,0.18181818181818182,0.0,0.0,13634.0
1.0,1.0,0.18181818181818182,0.0,0.3333333333333333,13496.0
1.0,1.0,0.18181818181818182,0.0,1.0,13830.0
1.0,1.0,0.18181818181818182,0.0075235349156944,0.0,13868.0
1.0,1.0,0.18181818181818182,0.0075235349156944,0.3333333333333333,13687.0
1.0,1.0,0.18181818181818182,0.0075235349156944,1.0,13699.0
1.0,1.0,0.18181818181818182,0.04752811777960244,0.0,14131.0
1.0,1.0,0.18181818181818182,0.04752811777960244,0.3333333333333333,14091.0
1.0,1.0,0.18181818181818182,0.04752811777960244,1.0,14130.0
1.0,1.0,0.18181818181818182,0.09774866810517673,0.0,13614.0
1.0,1.0,0.18181818181818182,0.09774866810517673,0.3333333333333333,14127.0
1.0,1.0,0.18181818181818182,0.09774866810517673,1.0,14052.0
1.0,1.0,0.18181818181818182,1.0,0.0,14036.0
1.0,1.0,0.18181818181818182,1.0,0.3333333333333333,13865.0
1.0,1.0,0.18181818181818182,1.0,1.0,14194.0
1.0,1.0,0.45454545454545453,0.0,0.0,15483.0
1.0,1.0,0.45454545454545453,0.0,0.3333333333333333,15574.0
1.0,1.0,0.45454545454545453,0.0,1.0,14967.0
1.0,1.0,0.45454545454545453,0.0075235349156944,0.0,15770.0
1.0,1.0,0.45454545454545453,0.0075235349156944,0.3333333333333333,15528.0
1.0,1.0,0.45454545454545453,0.0075235349156944,1.0,15319.0
1.0,1.0,0.45454545454545453,0.04752811777960244,0.0,15406.0
1.0,1.0,0.45454545454545453,0.04752811777960244,0.3333333333333333,15870.0
1.0,1.0,0.45454545454545453,0.04752811777960244,1.0,15531.0
1.0,1.0,0.45454545454545453,0.09774866810517673,0.0,15554.0
1.0,1.0,0.45454545454545453,0.09774866810517673,0.3333333333333333,15822.0
1.0,1.0,0.45454545454545453,0.09774866810517673,1.0,15741.0
1.0,1.0,0.45454545454545453,1.0,0.0,15787.0
1.0,1.0,0.45454545454545453,1.0,0.3333333333333333,15370.0
1.0,1.0,0.45454545454545453,1.0,1.0,15767.0
1.0,1.0,0.7272727272727273,0.0,0.0,17194.0
1.0,1.0,0.7272727272727273,0.0,0.3333333333333333,17206.0
1.0,1.0,0.7272727272727273,0.0,1.0,17030.0
1.0,1.0,0.7272727272727273,0.0075235349156944,0.0,17254.0
1.0,1.0,0.7272727272727273,0.0075235349156944,0.3333333333333333,17526.0
1.0,1.0,0.7272727272727273,0.0075235349156944,1.0,17086.0
1.0,1.0,0.7272727272727273,0.04752811777960244,0.0,17069.0
1.0,1.0,0.7272727272727273,0.04752811777960244,0.3333333333333333,17294.0
1.0,1.0,0.7272727272727273,0.04752811777960244,1.0,17512.0
1.0,1.0,0.7272727272727273,0.09774866810517673,0.0,17433.0
1.0,1.0,0.7272727272727273,0.09774866810517673,0.3333333333333333,17592.0
1.0,1.0,0.7272727272727273,0.09774866810517673,1.0,16955.0
1.0,1.0,0.7272727272727273,1.0,0.0,16954.0
1.0,1.0,0.7272727272727273,1.0,0.3333333333333333,16990.0
1.0,1.0,0.7272727272727273,1.0,1.0,17092.0
1.0,1.0,1.0,0.0,0.0,18716.0
1.0,1.0,1.0,0.0,0.3333333333333333,18259.0
1.0,1.0,1.0,0.0,1.0,18315.0
1.0,1.0,1.0,0.0075235349156944,0.0,18379.0
1.0,1.0,1.0,0.0075235349156944,0.3333333333333333,18708.0
1.0,1.0,1.0,0.0075235349156944,1.0,18664.0
1.0,1.0,1.0,0.04752811777960244,0.0,18610.0
1.0,1.0,1.0,0.04752811777960244,0.3333333333333333,18717.0
1.0,1.0,1.0,0.04752811777960244,1.0,18778.0
1.0,1.0,1.0,0.09774866810517673,0.0,18777.0
1.0,1.0,1.0,0.09774866810517673,0.3333333333333333,18343.0
1.0,1.0,1.0,0.09774866810517673,1.0,18422.0
1.0,1.0,1.0,1.0,0.0,18409.0
1.0,1.0,1.0,1.0,0.3333333333333333,18972.0
1.0,1.0,1.0,1.0,1.0,18575.0
