$a,$b,$c,$d,$e,$f,$g,$h,$i,$j,$k,<$a
1,0,0,0,0,0,0,0,0,0,0,210.34
1,1,0,0,0,0,0,0,0,0,0,201.15
1,0,1,0,1,0,0,0,0,0,0,202.23
1,1,1,0,1,0,0,0,0,0,0,204.05
1,0,0,1,0,0,0,0,0,0,0,199.95
1,0,1,1,1,0,0,0,0,0,0,203.18
1,1,0,1,0,0,0,0,0,0,0,201.52
1,1,1,1,1,0,0,0,0,0,0,204.99
1,0,0,0,1,0,0,0,0,0,0,200.66
1,1,0,0,1,0,0,0,0,0,0,202.39
1,0,0,1,1,0,0,0,0,0,0,201.9
1,1,0,1,1,0,0,0,0,0,0,203.64
1,0,1,1,1,0,0,0,0,0,0,205.13
1,1,1,0,1,0,0,0,0,0,0,205.99
1,1,1,1,1,0,0,0,0,0,0,206.9
1,0,0,0,0,1,0,0,0,0,0,200.38
1,1,0,0,0,1,0,0,0,0,0,201.83
1,0,1,0,1,1,0,0,0,0,0,203.53
1,1,1,0,1,1,0,0,0,0,0,205.21
1,0,0,0,1,1,0,0,0,0,0,202.06
1,0,1,0,1,1,0,0,0,0,0,205.36
1,1,0,0,1,1,0,0,0,0,0,203.98
1,1,1,0,1,1,0,0,0,0,0,207.12
1,0,0,1,0,1,0,0,0,0,0,201.47
1,1,0,1,0,1,0,0,0,0,0,203.19
1,0,0,1,1,1,0,0,0,0,0,203.19
1,1,0,1,1,1,0,0,0,0,0,204.96
1,0,1,1,1,1,0,0,0,0,0,204.73
1,0,1,1,1,1,0,0,0,0,0,206.43
1,1,1,1,1,1,0,0,0,0,0,206.35
1,1,1,1,1,1,0,0,0,0,0,208.05
1,0,0,0,0,0,1,0,0,0,0,199.68
1,1,0,0,0,0,1,0,0,0,0,201.55
1,0,1,0,1,0,1,0,0,0,0,202.93
1,1,1,0,1,0,1,0,0,0,0,204.69
1,0,0,1,0,0,1,0,0,0,0,200.82
1,0,1,1,1,0,1,0,0,0,0,204.05
1,1,0,1,0,0,1,0,0,0,0,202.69
1,1,1,1,1,0,1,0,0,0,0,205.95
1,0,0,0,0,1,1,0,0,0,0,200.92
1,1,0,0,0,1,1,0,0,0,0,202.94
1,0,0,1,0,1,1,0,0,0,0,201.97
1,1,0,1,0,1,1,0,0,0,0,203.93
1,0,1,0,1,1,1,0,0,0,0,204.29
1,0,1,1,1,1,1,0,0,0,0,205.47
1,1,1,0,1,1,1,0,0,0,0,206.23
1,1,1,1,1,1,1,0,0,0,0,207.23
1,0,0,0,1,0,1,0,0,0,0,201.7
1,1,0,0,1,0,1,0,0,0,0,203.56
1,0,1,0,1,0,1,0,0,0,0,205.09
1,1,1,0,1,0,1,0,0,0,0,206.62
1,0,0,0,1,1,1,0,0,0,0,202.81
1,0,1,0,1,1,1,0,0,0,0,206.12
1,1,0,0,1,1,1,0,0,0,0,204.96
1,1,1,0,1,1,1,0,0,0,0,207.89
1,0,0,1,1,0,1,0,0,0,0,202.68
1,1,0,1,1,0,1,0,0,0,0,204.51
1,0,0,1,1,1,1,0,0,0,0,203.86
1,1,0,1,1,1,1,0,0,0,0,205.74
1,0,1,1,1,0,1,0,0,0,0,205.71
1,0,1,1,1,1,1,0,0,0,0,207.1
1,1,1,1,1,0,1,0,0,0,0,207.65
1,1,1,1,1,1,1,0,0,0,0,208.92
1,0,0,0,0,0,0,1,0,0,0,207.75
1,1,0,0,0,0,0,1,0,0,0,209.7
1,0,1,0,1,0,0,1,0,0,0,211.39
1,1,1,0,1,0,0,1,0,0,0,213.18
1,0,0,1,0,0,0,1,0,0,0,208.37
1,0,1,1,1,0,0,1,0,0,0,212.94
1,1,0,1,0,0,0,1,0,0,0,210.24
1,1,1,1,1,0,0,1,0,0,0,214.72
1,0,0,0,1,0,0,1,0,0,0,210.71
1,1,0,0,1,0,0,1,0,0,0,212.52
1,0,0,1,1,0,0,1,0,0,0,211.19
1,1,0,1,1,0,0,1,0,0,0,212.94
1,0,1,0,1,0,0,1,0,0,0,214.25
1,0,1,1,1,0,0,1,0,0,0,215.85
1,1,1,0,1,0,0,1,0,0,0,215.88
1,1,1,1,1,0,0,1,0,0,0,217.29
1,0,0,0,0,0,1,1,0,0,0,208.99
1,1,0,0,0,0,1,1,0,0,0,211.27
1,0,1,0,1,0,1,1,0,0,0,212.93
1,1,1,0,1,0,1,1,0,0,0,214.34
1,0,0,0,1,0,1,1,0,0,0,211.59
1,0,1,0,1,0,1,1,0,0,0,215.31
1,1,0,0,1,0,1,1,0,0,0,213.85
1,1,1,0,1,0,1,1,0,0,0,216.84
1,0,0,1,0,0,1,1,0,0,0,209.84
1,1,0,1,0,0,1,1,0,0,0,211.59
1,0,0,1,1,0,1,1,0,0,0,212.45
1,1,0,1,1,0,1,1,0,0,0,214.15
1,0,1,1,1,0,1,1,0,0,0,214.31
1,0,1,1,1,0,1,1,0,0,0,216.91
1,1,1,1,1,0,1,1,0,0,0,215.74
1,1,1,1,1,0,1,1,0,0,0,218.15
1,0,0,0,0,1,0,1,0,0,0,209.58
1,1,0,0,0,1,0,1,0,0,0,211.74
1,0,1,0,1,1,0,1,0,0,0,213.6
1,1,1,0,1,1,0,1,0,0,0,214.89
1,0,0,1,0,1,0,1,0,0,0,211
1,0,1,1,1,1,0,1,0,0,0,215.01
1,1,0,1,0,1,0,1,0,0,0,212.05
1,1,1,1,1,1,0,1,0,0,0,216.37
1,0,0,0,0,1,1,1,0,0,0,210.51
1,1,0,0,0,1,1,1,0,0,0,212.71
1,0,0,1,0,1,1,1,0,0,0,211.48
1,1,0,1,0,1,1,1,0,0,0,213.1
1,0,1,0,1,1,1,1,0,0,0,214.41
1,0,1,1,1,1,1,1,0,0,0,215.73
1,1,1,0,1,1,1,1,0,0,0,215.95
1,1,1,1,1,1,1,1,0,0,0,217.24
1,0,0,0,1,1,0,1,0,0,0,212.44
1,1,0,0,1,1,0,1,0,0,0,214.38
1,0,1,0,1,1,0,1,0,0,0,215.94
1,1,1,0,1,1,0,1,0,0,0,217.47
1,0,0,0,1,1,1,1,0,0,0,213.41
1,0,1,0,1,1,1,1,0,0,0,216.92
1,1,0,0,1,1,1,1,0,0,0,215.37
1,1,1,0,1,1,1,1,0,0,0,218.23
1,0,0,1,1,1,0,1,0,0,0,213
1,1,0,1,1,1,0,1,0,0,0,214.48
1,0,0,1,1,1,1,1,0,0,0,214.05
1,1,0,1,1,1,1,1,0,0,0,215.47
1,0,1,1,1,1,0,1,0,0,0,217.29
1,0,1,1,1,1,1,1,0,0,0,218.32
1,1,1,1,1,1,0,1,0,0,0,218.62
1,1,1,1,1,1,1,1,0,0,0,219.64
1,0,0,0,0,0,0,0,1,0,0,216.4
1,1,0,0,0,0,0,0,1,0,0,218.82
1,0,1,0,1,0,0,0,1,0,0,219.28
1,1,1,0,1,0,0,0,1,0,0,221.38
1,0,0,1,0,0,0,0,1,0,0,217.29
1,0,1,1,1,0,0,0,1,0,0,220.4
1,1,0,1,0,0,0,0,1,0,0,219.39
1,1,1,1,1,0,0,0,1,0,0,222.43
1,0,0,0,1,0,0,0,1,0,0,218.1
1,1,0,0,1,0,0,0,1,0,0,220.42
1,0,0,1,1,0,0,0,1,0,0,218.89
1,1,0,1,1,0,0,0,1,0,0,221.17
1,0,1,0,1,0,0,0,1,0,0,221.01
1,0,1,1,1,0,0,0,1,0,0,222.09
1,1,1,0,1,0,0,0,1,0,0,223.3
1,1,1,1,1,0,0,0,1,0,0,224.07
1,0,0,0,0,1,0,0,1,0,0,217.7
1,1,0,0,0,1,0,0,1,0,0,219.97
1,0,1,0,1,1,0,0,1,0,0,220.39
1,1,1,0,1,1,0,0,1,0,0,222.52
1,0,0,0,1,1,0,0,1,0,0,219.33
1,0,1,0,1,1,0,0,1,0,0,222.19
1,1,0,0,1,1,0,0,1,0,0,221.73
1,1,1,0,1,1,0,0,1,0,0,224.18
1,0,0,1,0,1,0,0,1,0,0,218.56
1,1,0,1,0,1,0,0,1,0,0,220.57
1,0,0,1,1,1,0,0,1,0,0,220.21
1,1,0,1,1,1,0,0,1,0,0,222.27
1,0,1,1,1,1,0,0,1,0,0,221.26
1,0,1,1,1,1,0,0,1,0,0,223.07
1,1,1,1,1,1,0,0,1,0,0,223.29
1,1,1,1,1,1,0,0,1,0,0,224.95
1,0,0,0,0,0,0,1,1,0,0,224.49
1,1,0,0,0,0,0,1,1,0,0,227.01
1,0,1,0,1,0,0,1,1,0,0,227.4
1,1,1,0,1,0,0,1,1,0,0,229.28
1,0,0,1,0,0,0,1,1,0,0,224.99
1,0,1,1,1,0,0,1,1,0,0,228.65
1,1,0,1,0,0,0,1,1,0,0,227.15
1,1,1,1,1,0,0,1,1,0,0,230.54
1,0,0,0,0,1,0,1,1,0,0,226.13
1,1,0,0,0,1,0,1,1,0,0,228.65
1,0,0,1,0,1,0,1,1,0,0,226.57
1,1,0,1,0,1,0,1,1,0,0,228.47
1,0,1,0,1,1,0,1,1,0,0,229.07
1,0,1,1,1,1,0,1,1,0,0,230.47
1,1,1,0,1,1,0,1,1,0,0,230.79
1,1,1,1,1,1,0,1,1,0,0,232.12
1,0,0,0,1,0,0,1,1,0,0,226.88
1,1,0,0,1,0,0,1,1,0,0,229.19
1,0,1,0,1,0,0,1,1,0,0,229.64
1,1,1,0,1,0,0,1,1,0,0,231.39
1,0,0,0,1,1,0,1,1,0,0,228.27
1,0,1,0,1,1,0,1,1,0,0,231.25
1,1,0,0,1,1,0,1,1,0,0,230.77
1,1,1,0,1,1,0,1,1,0,0,232.76
1,0,0,1,1,0,0,1,1,0,0,227.19
1,1,0,1,1,0,0,1,1,0,0,229.12
1,0,0,1,1,1,0,1,1,0,0,228.86
1,1,0,1,1,1,0,1,1,0,0,230.69
1,0,1,1,1,0,0,1,1,0,0,230.94
1,0,1,1,1,1,0,1,1,0,0,232.29
1,1,1,1,1,0,0,1,1,0,0,232.52
1,1,1,1,1,1,0,1,1,0,0,234.08
1,0,0,0,0,0,1,0,1,0,0,217.09
1,1,0,0,0,0,1,0,1,0,0,219.4
1,0,1,0,1,0,1,0,1,0,0,219.75
1,1,1,0,1,0,1,0,1,0,0,221.78
1,0,0,1,0,0,1,0,1,0,0,217.9
1,0,1,1,1,0,1,0,1,0,0,220.86
1,1,0,1,0,0,1,0,1,0,0,219.91
1,1,1,1,1,0,1,0,1,0,0,222.82
1,0,0,0,1,0,1,0,1,0,0,218.73
1,1,0,0,1,0,1,0,1,0,0,221.06
1,0,0,1,1,0,1,0,1,0,0,219.63
1,1,0,1,1,0,1,0,1,0,0,221.62
1,0,1,0,1,0,1,0,1,0,0,221.44
1,0,1,1,1,0,1,0,1,0,0,222.37
1,1,1,0,1,0,1,0,1,0,0,223.42
1,1,1,1,1,0,1,0,1,0,0,224.33
1,0,0,0,0,0,1,1,1,0,0,225.34
1,1,0,0,0,0,1,1,1,0,0,227.75
1,0,1,0,1,0,1,1,1,0,0,228.26
1,1,1,0,1,0,1,1,1,0,0,230.08
1,0,0,0,1,0,1,1,1,0,0,227.73
1,0,1,0,1,0,1,1,1,0,0,230.57
1,1,0,0,1,0,1,1,1,0,0,230.14
1,1,1,0,1,0,1,1,1,0,0,232.14
1,0,0,1,0,0,1,1,1,0,0,225.8
1,1,0,1,0,0,1,1,1,0,0,227.53
1,0,0,1,1,0,1,1,1,0,0,227.99
1,1,0,1,1,0,1,1,1,0,0,229.95
1,0,1,1,1,0,1,1,1,0,0,229.56
1,0,1,1,1,0,1,1,1,0,0,231.69
1,1,1,1,1,0,1,1,1,0,0,231.21
1,1,1,1,1,0,1,1,1,0,0,233.28
1,0,0,0,0,1,1,0,1,0,0,218.12
1,1,0,0,0,1,1,0,1,0,0,220.37
1,0,1,0,1,1,1,0,1,0,0,220.8
1,1,1,0,1,1,1,0,1,0,0,222.9
1,0,0,1,0,1,1,0,1,0,0,219.08
1,0,1,1,1,1,1,0,1,0,0,221.86
1,1,0,1,0,1,1,0,1,0,0,220.98
1,1,1,1,1,1,1,0,1,0,0,223.77
1,0,0,0,0,1,1,1,1,0,0,226.75
1,1,0,0,0,1,1,1,1,0,0,229.3
1,0,0,1,0,1,1,1,1,0,0,227.29
1,1,0,1,0,1,1,1,1,0,0,228.97
1,0,1,0,1,1,1,1,1,0,0,229.68
1,0,1,1,1,1,1,1,1,0,0,230.82
1,1,1,0,1,1,1,1,1,0,0,231.2
1,1,1,1,1,1,1,1,1,0,0,232.66
1,0,0,0,1,1,1,0,1,0,0,219.87
1,1,0,0,1,1,1,0,1,0,0,222.16
1,0,1,0,1,1,1,0,1,0,0,222.56
1,1,1,0,1,1,1,0,1,0,0,224.51
1,0,0,0,1,1,1,1,1,0,0,229.21
1,0,1,0,1,1,1,1,1,0,0,231.77
1,1,0,0,1,1,1,1,1,0,0,231.33
1,1,1,0,1,1,1,1,1,0,0,233.28
1,0,0,1,1,1,1,0,1,0,0,220.82
1,1,0,1,1,1,1,0,1,0,0,222.63
1,0,0,1,1,1,1,1,1,0,0,229.55
1,1,0,1,1,1,1,1,1,0,0,231.16
1,0,1,1,1,1,1,0,1,0,0,223.52
1,0,1,1,1,1,1,1,1,0,0,232.96
1,1,1,1,1,1,1,0,1,0,0,225.16
1,1,1,1,1,1,1,1,1,0,0,234.68
1,0,0,0,0,0,0,0,0,1,0,219.15
1,1,0,0,0,0,0,0,0,1,0,224.43
1,0,1,0,1,0,0,0,0,1,0,223.68
1,1,1,0,1,0,0,0,0,1,0,227.85
1,0,0,1,0,0,0,0,0,1,0,221.33
1,0,1,1,1,0,0,0,0,1,0,224.73
1,1,0,1,0,0,0,0,0,1,0,225.62
1,1,1,1,1,0,0,0,0,1,0,229.17
1,0,0,0,1,0,0,0,0,1,0,221.25
1,1,0,0,1,0,0,0,0,1,0,226.5
1,0,0,1,1,0,0,0,0,1,0,223.49
1,1,0,1,1,0,0,0,0,1,0,227.78
1,0,1,0,1,0,0,0,0,1,0,225.5
1,0,1,1,1,0,0,0,0,1,0,226.57
1,1,1,0,1,0,0,0,0,1,0,229.79
1,1,1,1,1,0,0,0,0,1,0,230.74
1,0,0,0,0,1,0,0,0,1,0,222.24
1,1,0,0,0,1,0,0,0,1,0,227.39
1,0,1,0,1,1,0,0,0,1,0,225.41
1,1,1,0,1,1,0,0,0,1,0,229.68
1,0,0,0,1,1,0,0,0,1,0,224.34
1,0,1,0,1,1,0,0,0,1,0,227.18
1,1,0,0,1,1,0,0,0,1,0,229.24
1,1,1,0,1,1,0,0,0,1,0,231.34
1,0,0,1,0,1,0,0,0,1,0,223.21
1,1,0,1,0,1,0,0,0,1,0,227.44
1,0,0,1,1,1,0,0,0,1,0,225.26
1,1,0,1,1,1,0,0,0,1,0,229.31
1,0,1,1,1,1,0,0,0,1,0,226.58
1,0,1,1,1,1,0,0,0,1,0,228.34
1,1,1,1,1,1,0,0,0,1,0,230.65
1,1,1,1,1,1,0,0,0,1,0,232.2
1,0,0,0,0,0,1,0,0,1,0,221.61
1,1,0,0,0,0,1,0,0,1,0,226.7
1,0,1,0,1,0,1,0,0,1,0,224.53
1,1,1,0,1,0,1,0,0,1,0,228.94
1,0,0,1,0,0,1,0,0,1,0,222.56
1,0,1,1,1,0,1,0,0,1,0,225.69
1,1,0,1,0,0,1,0,0,1,0,226.65
1,1,1,1,1,0,1,0,0,1,0,229.86
1,0,0,0,0,1,1,0,0,1,0,223.01
1,1,0,0,0,1,1,0,0,1,0,227.94
1,0,0,1,0,1,1,0,0,1,0,223.98
1,1,0,1,0,1,1,0,0,1,0,227.91
1,0,1,0,1,1,1,0,0,1,0,226.09
1,0,1,1,1,1,1,0,0,1,0,227.03
1,1,1,0,1,1,1,0,0,1,0,230.31
1,1,1,1,1,1,1,0,0,1,0,231.19
1,0,0,0,1,0,1,0,0,1,0,223.34
1,1,0,0,1,0,1,0,0,1,0,228.28
1,0,1,0,1,0,1,0,0,1,0,226.13
1,1,1,0,1,0,1,0,0,1,0,230.59
1,0,0,0,1,1,1,0,0,1,0,224.88
1,0,1,0,1,1,1,0,0,1,0,227.64
1,1,0,0,1,1,1,0,0,1,0,229.82
1,1,1,0,1,1,1,0,0,1,0,231.8
1,0,0,1,1,0,1,0,0,1,0,224.3
1,1,0,1,1,0,1,0,0,1,0,228.56
1,0,0,1,1,1,1,0,0,1,0,225.77
1,1,0,1,1,1,1,0,0,1,0,230.13
1,0,1,1,1,0,1,0,0,1,0,227.12
1,0,1,1,1,1,1,0,0,1,0,228.72
1,1,1,1,1,0,1,0,0,1,0,231.31
1,1,1,1,1,1,1,0,0,1,0,232.7
1,0,0,0,0,0,0,0,1,1,0,234.87
1,1,0,0,0,0,0,0,1,1,0,240.16
1,0,1,0,1,0,0,0,1,1,0,238.78
1,1,1,0,1,0,0,0,1,1,0,242.92
1,0,0,1,0,0,0,0,1,1,0,236.89
1,0,1,1,1,0,0,0,1,1,0,239.66
1,1,0,1,0,0,0,0,1,1,0,241.7
1,1,1,1,1,0,0,0,1,1,0,244.5
1,0,0,0,1,0,0,0,1,1,0,237.75
1,1,0,0,1,0,0,0,1,1,0,242.79
1,0,0,1,1,0,0,0,1,1,0,239.27
1,1,0,1,1,0,0,0,1,1,0,243.37
1,0,1,0,1,0,0,0,1,1,0,241.02
1,0,1,1,1,0,0,0,1,1,0,241.97
1,1,1,0,1,0,0,0,1,1,0,245.16
1,1,1,1,1,0,0,0,1,1,0,245.94
1,0,0,0,0,0,1,0,1,1,0,238.1
1,1,0,0,0,0,1,0,1,1,0,242.81
1,0,1,0,1,0,1,0,1,1,0,240.22
1,1,1,0,1,0,1,0,1,1,0,244.49
1,0,0,0,1,0,1,0,1,1,0,239.93
1,0,1,0,1,0,1,0,1,1,0,242.09
1,1,0,0,1,0,1,0,1,1,0,244.59
1,1,1,0,1,0,1,0,1,1,0,246.03
1,0,0,1,0,0,1,0,1,1,0,238.7
1,1,0,1,0,0,1,0,1,1,0,242.56
1,0,0,1,1,0,1,0,1,1,0,240.41
1,1,0,1,1,0,1,0,1,1,0,244.26
1,0,1,1,1,0,1,0,1,1,0,241.33
1,0,1,1,1,0,1,0,1,1,0,242.86
1,1,1,1,1,0,1,0,1,1,0,245.22
1,1,1,1,1,0,1,0,1,1,0,246.76
1,0,0,0,0,1,0,0,1,1,0,238.73
1,1,0,0,0,1,0,0,1,1,0,243.52
1,0,1,0,1,1,0,0,1,1,0,240.98
1,1,1,0,1,1,0,0,1,1,0,244.73
1,0,0,1,0,1,0,0,1,1,0,239.37
1,0,1,1,1,1,0,0,1,1,0,241.7
1,1,0,1,0,1,0,0,1,1,0,243.12
1,1,1,1,1,1,0,0,1,1,0,245.76
1,0,0,0,0,1,1,0,1,1,0,239.56
1,1,0,0,0,1,1,0,1,1,0,244.28
1,0,0,1,0,1,1,0,1,1,0,240.21
1,1,0,1,0,1,1,0,1,1,0,243.96
1,0,1,0,1,1,1,0,1,1,0,241.83
1,0,1,1,1,1,1,0,1,1,0,242.74
1,1,1,0,1,1,1,0,1,1,0,245.7
1,1,1,1,1,1,1,0,1,1,0,246.48
1,0,0,0,1,1,0,0,1,1,0,240.34
1,1,0,0,1,1,0,0,1,1,0,245.2
1,0,1,0,1,1,0,0,1,1,0,242.43
1,1,1,0,1,1,0,0,1,1,0,246.5
1,0,0,0,1,1,1,0,1,1,0,241.23
1,0,1,0,1,1,1,0,1,1,0,243.26
1,1,0,0,1,1,1,0,1,1,0,246.16
1,1,1,0,1,1,1,0,1,1,0,247.28
1,0,0,1,1,1,0,0,1,1,0,240.98
1,1,0,1,1,1,0,0,1,1,0,244.61
1,0,0,1,1,1,1,0,1,1,0,241.78
1,1,0,1,1,1,1,0,1,1,0,245.6
1,0,1,1,1,1,0,0,1,1,0,243.44
1,0,1,1,1,1,1,0,1,1,0,244.23
1,1,1,1,1,1,0,0,1,1,0,247.17
1,1,1,1,1,1,1,0,1,1,0,248.02
1,0,0,0,0,0,0,1,0,1,0,230.17
1,1,0,0,0,0,0,1,0,1,0,236.24
1,0,1,0,1,0,0,1,0,1,0,233.67
1,1,1,0,1,0,0,1,0,1,0,238.62
1,0,0,1,0,0,0,1,0,1,0,231.04
1,0,1,1,1,0,0,1,0,1,0,235.17
1,1,0,1,0,0,0,1,0,1,0,235.92
1,1,1,1,1,0,0,1,0,1,0,239.98
1,0,0,0,1,0,0,1,0,1,0,232.86
1,1,0,0,1,0,0,1,0,1,0,238.78
1,0,0,1,1,0,0,1,0,1,0,233.43
1,1,0,1,1,0,0,1,0,1,0,238.25
1,0,1,0,1,0,0,1,0,1,0,235.97
1,0,1,1,1,0,0,1,0,1,0,237.44
1,1,1,0,1,0,0,1,0,1,0,240.99
1,1,1,1,1,0,0,1,0,1,0,242.16
1,0,0,0,0,1,0,1,0,1,0,232.33
1,1,0,0,0,1,0,1,0,1,0,238.25
1,0,1,0,1,1,0,1,0,1,0,235.35
1,1,1,0,1,1,0,1,0,1,0,240.23
1,0,0,0,1,1,0,1,0,1,0,234.65
1,0,1,0,1,1,0,1,0,1,0,237.87
1,1,0,0,1,1,0,1,0,1,0,240.99
1,1,1,0,1,1,0,1,0,1,0,242.55
1,0,0,1,0,1,0,1,0,1,0,232.96
1,1,0,1,0,1,0,1,0,1,0,237.69
1,0,0,1,1,1,0,1,0,1,0,235.53
1,1,0,1,1,1,0,1,0,1,0,240.05
1,0,1,1,1,1,0,1,0,1,0,237.04
1,0,1,1,1,1,0,1,0,1,0,239.32
1,1,1,1,1,1,0,1,0,1,0,241.57
1,1,1,1,1,1,0,1,0,1,0,244.03
1,0,0,0,0,0,0,1,1,1,0,244.91
1,1,0,0,0,0,0,1,1,1,0,251.58
1,0,1,0,1,0,0,1,1,1,0,247.5
1,1,1,0,1,0,0,1,1,1,0,253.05
1,0,0,1,0,0,0,1,1,1,0,245.32
1,0,1,1,1,0,0,1,1,1,0,248.97
1,1,0,1,0,0,0,1,1,1,0,250.62
1,1,1,1,1,0,0,1,1,1,0,253.96
1,0,0,0,0,1,0,1,1,1,0,246.94
1,1,0,0,0,1,0,1,1,1,0,253.26
1,0,0,1,0,1,0,1,1,1,0,247.27
1,1,0,1,0,1,0,1,1,1,0,252.14
1,0,1,0,1,1,0,1,1,1,0,249.57
1,0,1,1,1,1,0,1,1,1,0,250.68
1,1,1,0,1,1,0,1,1,1,0,254.26
1,1,1,1,1,1,0,1,1,1,0,255.47
1,0,0,0,1,0,0,1,1,1,0,247.08
1,1,0,0,1,0,0,1,1,1,0,253.64
1,0,1,0,1,0,0,1,1,1,0,249.81
1,1,1,0,1,0,0,1,1,1,0,255.02
1,0,0,0,1,1,0,1,1,1,0,249.12
1,0,1,0,1,1,0,1,1,1,0,251.52
1,1,0,0,1,1,0,1,1,1,0,255.47
1,1,1,0,1,1,0,1,1,1,0,256.45
1,0,0,1,1,0,0,1,1,1,0,247.72
1,1,0,1,1,0,0,1,1,1,0,252.68
1,0,0,1,1,1,0,1,1,1,0,249.34
1,1,0,1,1,1,0,1,1,1,0,254.14
1,0,1,1,1,0,0,1,1,1,0,251
1,0,1,1,1,1,0,1,1,1,0,252.58
1,1,1,1,1,0,0,1,1,1,0,256.18
1,1,1,1,1,1,0,1,1,1,0,257.51
1,0,0,0,0,0,1,1,0,1,0,231.33
1,1,0,0,0,0,1,1,0,1,0,237.5
1,0,1,0,1,0,1,1,0,1,0,234.55
1,1,1,0,1,0,1,1,0,1,0,239.56
1,0,0,1,0,0,1,1,0,1,0,231.91
1,0,1,1,1,0,1,1,0,1,0,235.97
1,1,0,1,0,0,1,1,0,1,0,236.84
1,1,1,1,1,0,1,1,0,1,0,240.83
1,0,0,0,1,0,1,1,0,1,0,234.25
1,1,0,0,1,0,1,1,0,1,0,240.62
1,0,0,1,1,0,1,1,0,1,0,235.03
1,1,0,1,1,0,1,1,0,1,0,239.79
1,0,1,0,1,0,1,1,0,1,0,237.52
1,0,1,1,1,0,1,1,0,1,0,239.06
1,1,1,0,1,0,1,1,0,1,0,242.5
1,1,1,1,1,0,1,1,0,1,0,243.78
1,0,0,0,0,0,1,1,1,1,0,246.73
1,1,0,0,0,0,1,1,1,1,0,253.15
1,0,1,0,1,0,1,1,1,1,0,249.39
1,1,1,0,1,0,1,1,1,1,0,254.34
1,0,0,0,1,0,1,1,1,1,0,248.89
1,0,1,0,1,0,1,1,1,1,0,251.41
1,1,0,0,1,0,1,1,1,1,0,255.39
1,1,1,0,1,0,1,1,1,1,0,256.47
1,0,0,1,0,0,1,1,1,1,0,247.08
1,1,0,1,0,0,1,1,1,1,0,252.06
1,0,0,1,1,0,1,1,1,1,0,249.28
1,1,0,1,1,0,1,1,1,1,0,254.13
1,0,1,1,1,0,1,1,1,1,0,250.49
1,0,1,1,1,0,1,1,1,1,0,252.51
1,1,1,1,1,0,1,1,1,1,0,255.36
1,1,1,1,1,0,1,1,1,1,0,257.54
1,0,0,0,0,1,1,1,0,1,0,233.74
1,1,0,0,0,1,1,1,0,1,0,240.07
1,0,1,0,1,1,1,1,0,1,0,236.95
1,1,1,0,1,1,1,1,0,1,0,241.9
1,0,0,1,0,1,1,1,0,1,0,234.34
1,0,1,1,1,1,1,1,0,1,0,238.46
1,1,0,1,0,1,1,1,0,1,0,239.24
1,1,1,1,1,1,1,1,0,1,0,243.28
1,0,0,0,0,1,1,1,1,1,0,248.54
1,1,0,0,0,1,1,1,1,1,0,254.89
1,0,0,1,0,1,1,1,1,1,0,248.81
1,1,0,1,0,1,1,1,1,1,0,253.65
1,0,1,0,1,1,1,1,1,1,0,251.01
1,0,1,1,1,1,1,1,1,1,0,252.14
1,1,1,0,1,1,1,1,1,1,0,255.87
1,1,1,1,1,1,1,1,1,1,0,256.97
1,0,0,0,1,1,1,1,0,1,0,236.23
1,1,0,0,1,1,1,1,0,1,0,242.46
1,0,1,0,1,1,1,1,0,1,0,239.51
1,1,1,0,1,1,1,1,0,1,0,244.25
1,0,0,0,1,1,1,1,1,1,0,250.73
1,0,1,0,1,1,1,1,1,1,0,253.1
1,1,0,0,1,1,1,1,1,1,0,257.17
1,1,1,0,1,1,1,1,1,1,0,258.05
1,0,0,1,1,1,1,1,0,1,0,236.89
1,1,0,1,1,1,1,1,0,1,0,241.69
1,0,0,1,1,1,1,1,1,1,0,250.86
1,1,0,1,1,1,1,1,1,1,0,255.62
1,0,1,1,1,1,1,1,0,1,0,240.54
1,0,1,1,1,1,1,1,1,1,0,254.24
1,1,1,1,1,1,1,1,0,1,0,245.34
1,1,1,1,1,1,1,1,1,1,0,258.83
1,0,0,0,0,0,0,0,0,0,1,212.45
1,1,0,0,0,0,0,0,0,0,1,213.27
1,0,1,0,1,0,0,0,0,0,1,215.61
1,1,1,0,1,0,0,0,0,0,1,216.64
1,0,0,1,0,0,0,0,0,0,1,213.53
1,0,1,1,1,0,0,0,0,0,1,216.59
1,1,0,1,0,0,0,0,0,0,1,214.33
1,1,1,1,1,0,0,0,0,0,1,217.4
1,0,0,0,1,0,0,0,0,0,1,214.37
1,1,0,0,1,0,0,0,0,0,1,215.13
1,0,0,1,1,0,0,0,0,0,1,215.29
1,1,0,1,1,0,0,0,0,0,1,216.22
1,0,1,0,1,0,0,0,0,0,1,217.55
1,0,1,1,1,0,0,0,0,0,1,218.43
1,1,1,0,1,0,0,0,0,0,1,218.4
1,1,1,1,1,0,0,0,0,0,1,219.5
1,0,0,0,0,1,0,0,0,0,1,213.48
1,1,0,0,0,1,0,0,0,0,1,214.28
1,0,1,0,1,1,0,0,0,0,1,216.72
1,1,1,0,1,1,0,0,0,0,1,217.68
1,0,0,0,1,1,0,0,0,0,1,215.19
1,0,1,0,1,1,0,0,0,0,1,218.3
1,1,0,0,1,1,0,0,0,0,1,216.23
1,1,1,0,1,1,0,0,0,0,1,219.31
1,0,0,1,0,1,0,0,0,0,1,214.65
1,1,0,1,0,1,0,0,0,0,1,215.48
1,0,0,1,1,1,0,0,0,0,1,216.27
1,1,0,1,1,1,0,0,0,0,1,217.07
1,0,1,1,1,1,0,0,0,0,1,217.65
1,0,1,1,1,1,0,0,0,0,1,219.37
1,1,1,1,1,1,0,0,0,0,1,218.59
1,1,1,1,1,1,0,0,0,0,1,220.08
1,0,0,0,0,0,1,0,0,0,1,212.92
1,1,0,0,0,0,1,0,0,0,1,213.86
1,0,1,0,1,0,1,0,0,0,1,215.99
1,1,1,0,1,0,1,0,0,0,1,217.06
1,0,0,1,0,0,1,0,0,0,1,214
1,0,1,1,1,0,1,0,0,0,1,217.19
1,1,0,1,0,0,1,0,0,0,1,215.03
1,1,1,1,1,0,1,0,0,0,1,218.07
1,0,0,0,0,1,1,0,0,0,1,214.24
1,1,0,0,0,1,1,0,0,0,1,215.02
1,0,0,1,0,1,1,0,0,0,1,215.18
1,1,0,1,0,1,1,0,0,0,1,216.3
1,0,1,0,1,1,1,0,0,0,1,217.4
1,0,1,1,1,1,1,0,0,0,1,218.4
1,1,1,0,1,1,1,0,0,0,1,218.5
1,1,1,1,1,1,1,0,0,0,1,219.31
1,0,0,0,1,0,1,0,0,0,1,214.89
1,1,0,0,1,0,1,0,0,0,1,215.85
1,0,1,0,1,0,1,0,0,0,1,218.02
1,1,1,0,1,0,1,0,0,0,1,218.96
1,0,0,0,1,1,1,0,0,0,1,216.06
1,0,1,0,1,1,1,0,0,0,1,219.08
1,1,0,0,1,1,1,0,0,0,1,216.87
1,1,1,0,1,1,1,0,0,0,1,219.83
1,0,0,1,1,0,1,0,0,0,1,215.96
1,1,0,1,1,0,1,0,0,0,1,216.91
1,0,0,1,1,1,1,0,0,0,1,216.91
1,1,0,1,1,1,1,0,0,0,1,218.04
1,0,1,1,1,0,1,0,0,0,1,219.05
1,0,1,1,1,1,1,0,0,0,1,219.87
1,1,1,1,1,0,1,0,0,0,1,219.95
1,1,1,1,1,1,1,0,0,0,1,220.87
1,0,0,0,0,0,0,1,0,0,1,241.78
1,1,0,0,0,0,0,1,0,0,1,243.79
1,0,1,0,1,0,0,1,0,0,1,246.13
1,1,1,0,1,0,0,1,0,0,1,246.96
1,0,0,1,0,0,0,1,0,0,1,243.08
1,0,1,1,1,0,0,1,0,0,1,247.37
1,1,0,1,0,0,0,1,0,0,1,244.12
1,1,1,1,1,0,0,1,0,0,1,248.2
1,0,0,0,1,0,0,1,0,0,1,256.94
1,1,0,0,1,0,0,1,0,0,1,259.39
1,0,0,1,1,0,0,1,0,0,1,261.01
1,1,0,1,1,0,0,1,0,0,1,260.88
1,0,1,0,1,0,0,1,0,0,1,264.18
1,0,1,1,1,0,0,1,0,0,1,265.38
1,1,1,0,1,0,0,1,0,0,1,264.64
1,1,1,1,1,0,0,1,0,0,1,266.32
1,0,0,0,0,0,1,1,0,0,1,255.44
1,1,0,0,0,0,1,1,0,0,1,257.17
1,0,1,0,1,0,1,1,0,0,1,261.84
1,1,1,0,1,0,1,1,0,0,1,263.31
1,0,0,0,1,0,1,1,0,0,1,257.71
1,0,1,0,1,0,1,1,0,0,1,264.18
1,1,0,0,1,0,1,1,0,0,1,259.5
1,1,1,0,1,0,1,1,0,0,1,264.74
1,0,0,1,0,0,1,1,0,0,1,257.68
1,1,0,1,0,0,1,1,0,0,1,259.37
1,0,0,1,1,0,1,1,0,0,1,260.82
1,1,0,1,1,0,1,1,0,0,1,261.53
1,0,1,1,1,0,1,1,0,0,1,262.48
1,0,1,1,1,0,1,1,0,0,1,265.65
1,1,1,1,1,0,1,1,0,0,1,264.29
1,1,1,1,1,0,1,1,0,0,1,266.19
1,0,0,0,0,1,0,1,0,0,1,256.06
1,1,0,0,0,1,0,1,0,0,1,258.16
1,0,1,0,1,1,0,1,0,0,1,263.13
1,1,1,0,1,1,0,1,0,0,1,263.58
1,0,0,1,0,1,0,1,0,0,1,259.38
1,0,1,1,1,1,0,1,0,0,1,263.75
1,1,0,1,0,1,0,1,0,0,1,260.41
1,1,1,1,1,1,0,1,0,0,1,264.51
1,0,0,0,0,1,1,1,0,0,1,257.04
1,1,0,0,0,1,1,1,0,0,1,259.38
1,0,0,1,0,1,1,1,0,0,1,260.77
1,1,0,1,0,1,1,1,0,0,1,261.43
1,0,1,0,1,1,1,1,0,0,1,263.58
1,0,1,1,1,1,1,1,0,0,1,263.78
1,1,1,0,1,1,1,1,0,0,1,264.04
1,1,1,1,1,1,1,1,0,0,1,265.69
1,0,0,0,1,1,0,1,0,0,1,258.9
1,1,0,0,1,1,0,1,0,0,1,261.08
1,0,1,0,1,1,0,1,0,0,1,265.4
1,1,1,0,1,1,0,1,0,0,1,266.03
1,0,0,0,1,1,1,1,0,0,1,259.69
1,0,1,0,1,1,1,1,0,0,1,266.12
1,1,0,0,1,1,1,1,0,0,1,262.01
1,1,1,0,1,1,1,1,0,0,1,267.17
1,0,0,1,1,1,0,1,0,0,1,261.9
1,1,0,1,1,1,0,1,0,0,1,263.04
1,0,0,1,1,1,1,1,0,0,1,263.19
1,1,0,1,1,1,1,1,0,0,1,263.57
1,0,1,1,1,1,0,1,0,0,1,266.39
1,0,1,1,1,1,1,1,0,0,1,267.07
1,1,1,1,1,1,0,1,0,0,1,266.54
1,1,1,1,1,1,1,1,0,0,1,267.43
1,0,0,0,0,0,0,0,0,1,1,228.3
1,1,0,0,0,0,0,0,0,1,1,232.62
1,0,1,0,1,0,0,0,0,1,1,232.18
1,1,1,0,1,0,0,0,0,1,1,236.21
1,0,0,1,0,0,0,0,0,1,1,230.24
1,0,1,1,1,0,0,0,0,1,1,233.33
1,1,0,1,0,0,0,0,0,1,1,234.1
1,1,1,1,1,0,0,0,0,1,1,237.13
1,0,0,0,1,0,0,0,0,1,1,230.47
1,1,0,0,1,0,0,0,0,1,1,234.7
1,0,0,1,1,0,0,0,0,1,1,232.03
1,1,0,1,1,0,0,0,0,1,1,235.73
1,0,1,0,1,0,0,0,0,1,1,234.05
1,0,1,1,1,0,0,0,0,1,1,235.12
1,1,1,0,1,0,0,0,0,1,1,237.9
1,1,1,1,1,0,0,0,0,1,1,238.75
1,0,0,0,0,1,0,0,0,1,1,231.22
1,1,0,0,0,1,0,0,0,1,1,235.51
1,0,1,0,1,1,0,0,0,1,1,234.01
1,1,1,0,1,1,0,0,0,1,1,237.89
1,0,0,0,1,1,0,0,0,1,1,233.12
1,0,1,0,1,1,0,0,0,1,1,235.7
1,1,0,0,1,1,0,0,0,1,1,237.51
1,1,1,0,1,1,0,0,0,1,1,239.59
1,0,0,1,0,1,0,0,0,1,1,231.89
1,1,0,1,0,1,0,0,0,1,1,235.85
1,0,0,1,1,1,0,0,0,1,1,233.79
1,1,0,1,1,1,0,0,0,1,1,237.47
1,0,1,1,1,1,0,0,0,1,1,234.95
1,0,1,1,1,1,0,0,0,1,1,236.59
1,1,1,1,1,1,0,0,0,1,1,238.82
1,1,1,1,1,1,0,0,0,1,1,240.35
1,0,0,0,0,0,0,1,0,1,1,243.93
1,1,0,0,0,0,0,1,0,1,1,249.66
1,0,1,0,1,0,0,1,0,1,1,246.39
1,1,1,0,1,0,0,1,0,1,1,250.88
1,0,0,1,0,0,0,1,0,1,1,243.81
1,0,1,1,1,0,0,1,0,1,1,247.63
1,1,0,1,0,0,0,1,0,1,1,248.4
1,1,1,1,1,0,0,1,0,1,1,252.21
1,0,0,0,0,1,0,1,0,1,1,245.79
1,1,0,0,0,1,0,1,0,1,1,251.91
1,0,0,1,0,1,0,1,0,1,1,245.56
1,1,0,1,0,1,0,1,0,1,1,250.26
1,0,1,0,1,1,0,1,0,1,1,248.07
1,0,1,1,1,1,0,1,0,1,1,249.3
1,1,1,0,1,1,0,1,0,1,1,252.75
1,1,1,1,1,1,0,1,0,1,1,253.98
1,0,0,0,1,0,0,1,0,1,1,246.38
1,1,0,0,1,0,0,1,0,1,1,252.13
1,0,1,0,1,0,0,1,0,1,1,248.78
1,1,1,0,1,0,0,1,0,1,1,253.39
1,0,0,0,1,1,0,1,0,1,1,248.6
1,0,1,0,1,1,0,1,0,1,1,250.44
1,1,0,0,1,1,0,1,0,1,1,254.27
1,1,1,0,1,1,0,1,0,1,1,255.17
1,0,0,1,1,0,0,1,0,1,1,246.09
1,1,0,1,1,0,0,1,0,1,1,250.57
1,0,0,1,1,1,0,1,0,1,1,248.06
1,1,0,1,1,1,0,1,0,1,1,252.52
1,0,1,1,1,0,0,1,0,1,1,250.04
1,0,1,1,1,1,0,1,0,1,1,251.57
1,1,1,1,1,0,0,1,0,1,1,254.59
1,1,1,1,1,1,0,1,0,1,1,256.22
1,0,0,0,0,0,1,0,0,1,1,230.79
1,1,0,0,0,0,1,0,0,1,1,235.21
1,0,1,0,1,0,1,0,0,1,1,233.55
1,1,1,0,1,0,1,0,0,1,1,237.33
1,0,0,1,0,0,1,0,0,1,1,231.44
1,0,1,1,1,0,1,0,0,1,1,234.24
1,1,0,1,0,0,1,0,0,1,1,235.31
1,1,1,1,1,0,1,0,0,1,1,238.2
1,0,0,0,1,0,1,0,0,1,1,232.49
1,1,0,0,1,0,1,0,0,1,1,237.06
1,0,0,1,1,0,1,0,0,1,1,233.12
1,1,0,1,1,0,1,0,0,1,1,236.98
1,0,1,0,1,0,1,0,0,1,1,235.23
1,0,1,1,1,0,1,0,0,1,1,235.95
1,1,1,0,1,0,1,0,0,1,1,239.04
1,1,1,1,1,0,1,0,0,1,1,239.96
1,0,0,0,0,0,1,1,0,1,1,245.21
1,1,0,0,0,0,1,1,0,1,1,251.09
1,0,1,0,1,0,1,1,0,1,1,247.37
1,1,1,0,1,0,1,1,0,1,1,252.04
1,0,0,0,1,0,1,1,0,1,1,247.79
1,0,1,0,1,0,1,1,0,1,1,249.68
1,1,0,0,1,0,1,1,0,1,1,253.82
1,1,1,0,1,0,1,1,0,1,1,254.39
1,0,0,1,0,0,1,1,0,1,1,244.85
1,1,0,1,0,0,1,1,0,1,1,249.56
1,0,0,1,1,0,1,1,0,1,1,247.01
1,1,0,1,1,0,1,1,0,1,1,252.04
1,0,1,1,1,0,1,1,0,1,1,249.09
1,0,1,1,1,0,1,1,0,1,1,251.25
1,1,1,1,1,0,1,1,0,1,1,253.54
1,1,1,1,1,0,1,1,0,1,1,255.64
1,0,0,0,0,1,1,0,0,1,1,232.22
1,1,0,0,0,1,1,0,0,1,1,236.64
1,0,1,0,1,1,1,0,0,1,1,234.77
1,1,1,0,1,1,1,0,0,1,1,238.74
1,0,0,1,0,1,1,0,0,1,1,232.64
1,0,1,1,1,1,1,0,0,1,1,235.57
1,1,0,1,0,1,1,0,0,1,1,236.58
1,1,1,1,1,1,1,0,0,1,1,239.5
1,0,0,0,0,1,1,1,0,1,1,246.94
1,1,0,0,0,1,1,1,0,1,1,252.89
1,0,0,1,0,1,1,1,0,1,1,246.5
1,1,0,1,0,1,1,1,0,1,1,251.03
1,0,1,0,1,1,1,1,0,1,1,249.05
1,0,1,1,1,1,1,1,0,1,1,250.23
1,1,1,0,1,1,1,1,0,1,1,253.74
1,1,1,1,1,1,1,1,0,1,1,255.12
1,0,0,0,1,1,1,0,0,1,1,234.05
1,1,0,0,1,1,1,0,0,1,1,238.56
1,0,1,0,1,1,1,0,0,1,1,236.38
1,1,1,0,1,1,1,0,0,1,1,240.43
1,0,0,0,1,1,1,1,0,1,1,249.62
1,0,1,0,1,1,1,1,0,1,1,251.31
1,1,0,0,1,1,1,1,0,1,1,255.42
1,1,1,0,1,1,1,1,0,1,1,256.23
1,0,0,1,1,1,1,0,0,1,1,234.45
1,1,0,1,1,1,1,0,0,1,1,238.27
1,0,0,1,1,1,1,1,0,1,1,248.74
1,1,0,1,1,1,1,1,0,1,1,253.47
1,0,1,1,1,1,1,0,0,1,1,237.35
1,0,1,1,1,1,1,1,0,1,1,252.62
1,1,1,1,1,1,1,0,0,1,1,241.23
1,1,1,1,1,1,1,1,0,1,1,257.33
1,0,0,0,0,0,0,0,1,0,1,230.74
1,1,0,0,0,0,0,0,1,0,1,232
1,0,1,0,1,0,0,0,1,0,1,233.45
1,1,1,0,1,0,0,0,1,0,1,234.27
1,0,0,1,0,0,0,0,1,0,1,231
1,0,1,1,1,0,0,0,1,0,1,233.66
1,1,0,1,0,0,0,0,1,0,1,232.05
1,1,1,1,1,0,0,0,1,0,1,234.87
1,0,0,0,1,0,0,0,1,0,1,232.22
1,1,0,0,1,0,0,0,1,0,1,233.54
1,0,0,1,1,0,0,0,1,0,1,232.65
1,1,0,1,1,0,0,0,1,0,1,233.85
1,0,1,0,1,0,0,0,1,0,1,235.16
1,0,1,1,1,0,0,0,1,0,1,236.06
1,1,1,0,1,0,0,0,1,0,1,236.36
1,1,1,1,1,0,0,0,1,0,1,237.1
1,0,0,0,0,1,0,0,1,0,1,231.62
1,1,0,0,0,1,0,0,1,0,1,232.64
1,0,1,0,1,1,0,0,1,0,1,233.43
1,1,1,0,1,1,0,0,1,0,1,234.42
1,0,0,0,1,1,0,0,1,0,1,233
1,0,1,0,1,1,0,0,1,0,1,234.87
1,1,0,0,1,1,0,0,1,0,1,234.22
1,1,1,0,1,1,0,0,1,0,1,235.85
1,0,0,1,0,1,0,0,1,0,1,231.63
1,1,0,1,0,1,0,0,1,0,1,232.59
1,0,0,1,1,1,0,0,1,0,1,232.99
1,1,0,1,1,1,0,0,1,0,1,234.25
1,0,1,1,1,1,0,0,1,0,1,235.07
1,0,1,1,1,1,0,0,1,0,1,236.53
1,1,1,1,1,1,0,0,1,0,1,236.17
1,1,1,1,1,1,0,0,1,0,1,237.7
1,0,0,0,0,0,1,0,1,0,1,231.32
1,1,0,0,0,0,1,0,1,0,1,232.47
1,0,1,0,1,0,1,0,1,0,1,233.23
1,1,1,0,1,0,1,0,1,0,1,234.38
1,0,0,1,0,0,1,0,1,0,1,231.76
1,0,1,1,1,0,1,0,1,0,1,234.61
1,1,0,1,0,0,1,0,1,0,1,232.98
1,1,1,1,1,0,1,0,1,0,1,235.91
1,0,0,0,0,1,1,0,1,0,1,233
1,1,0,0,0,1,1,0,1,0,1,234.06
1,0,0,1,0,1,1,0,1,0,1,233.15
1,1,0,1,0,1,1,0,1,0,1,234.13
1,0,1,0,1,1,1,0,1,0,1,234.92
1,0,1,1,1,1,1,0,1,0,1,235.79
1,1,1,0,1,1,1,0,1,0,1,235.96
1,1,1,1,1,1,1,0,1,0,1,236.74
1,0,0,0,1,0,1,0,1,0,1,233.42
1,1,0,0,1,0,1,0,1,0,1,234.47
1,0,1,0,1,0,1,0,1,0,1,235.37
1,1,1,0,1,0,1,0,1,0,1,236.43
1,0,0,0,1,1,1,0,1,0,1,234.56
1,0,1,0,1,1,1,0,1,0,1,236.35
1,1,0,0,1,1,1,0,1,0,1,235.78
1,1,1,0,1,1,1,0,1,0,1,237.41
1,0,0,1,1,0,1,0,1,0,1,233.43
1,1,0,1,1,0,1,0,1,0,1,234.75
1,0,0,1,1,1,1,0,1,0,1,234.65
1,1,0,1,1,1,1,0,1,0,1,235.79
1,0,1,1,1,0,1,0,1,0,1,236.31
1,0,1,1,1,1,1,0,1,0,1,237.23
1,1,1,1,1,0,1,0,1,0,1,237.36
1,1,1,1,1,1,1,0,1,0,1,238.23
1,0,0,0,0,0,0,0,1,1,1,246
1,1,0,0,0,0,0,0,1,1,1,249.99
1,0,1,0,1,0,0,0,1,1,1,248.69
1,1,1,0,1,0,0,0,1,1,1,252.18
1,0,0,1,0,0,0,0,1,1,1,246.81
1,0,1,1,1,0,0,0,1,1,1,249.5
1,1,0,1,0,0,0,0,1,1,1,250.24
1,1,1,1,1,0,0,0,1,1,1,252.84
1,0,0,0,1,0,0,0,1,1,1,247.69
1,1,0,0,1,0,0,0,1,1,1,251.74
1,0,0,1,1,0,0,0,1,1,1,248.34
1,1,0,1,1,0,0,0,1,1,1,251.71
1,0,1,0,1,0,0,0,1,1,1,250.05
1,0,1,1,1,0,0,0,1,1,1,250.87
1,1,1,0,1,0,0,0,1,1,1,253.51
1,1,1,1,1,0,0,0,1,1,1,254.34
1,0,0,0,0,0,1,0,1,1,1,247.8
1,1,0,0,0,0,1,0,1,1,1,251.85
1,0,1,0,1,0,1,0,1,1,1,249.58
1,1,1,0,1,0,1,0,1,1,1,252.99
1,0,0,0,1,0,1,0,1,1,1,249.44
1,0,1,0,1,0,1,0,1,1,1,251.01
1,1,0,0,1,0,1,0,1,1,1,253.49
1,1,1,0,1,0,1,0,1,1,1,254.47
1,0,0,1,0,0,1,0,1,1,1,247.61
1,1,0,1,0,0,1,0,1,1,1,251.32
1,0,0,1,1,0,1,0,1,1,1,249.41
1,1,0,1,1,0,1,0,1,1,1,252.81
1,0,1,1,1,0,1,0,1,1,1,250.28
1,0,1,1,1,0,1,0,1,1,1,251.79
1,1,1,1,1,0,1,0,1,1,1,254.42
1,1,1,1,1,0,1,0,1,1,1,255.21
1,0,0,0,0,1,0,0,1,1,1,247.99
1,1,0,0,0,1,0,0,1,1,1,251.93
1,0,1,0,1,1,0,0,1,1,1,249.72
1,1,1,0,1,1,0,0,1,1,1,253.12
1,0,0,1,0,1,0,0,1,1,1,248.06
1,0,1,1,1,1,0,0,1,1,1,250.34
1,1,0,1,0,1,0,0,1,1,1,251.43
1,1,1,1,1,1,0,0,1,1,1,254.07
1,0,0,0,0,1,1,0,1,1,1,249.04
1,1,0,0,0,1,1,0,1,1,1,252.82
1,0,0,1,0,1,1,0,1,1,1,248.9
1,1,0,1,0,1,1,0,1,1,1,252.28
1,0,1,0,1,1,1,0,1,1,1,250.53
1,0,1,1,1,1,1,0,1,1,1,251.36
1,1,1,0,1,1,1,0,1,1,1,254.12
1,1,1,1,1,1,1,0,1,1,1,255.01
1,0,0,0,1,1,0,0,1,1,1,250.07
1,1,0,0,1,1,0,0,1,1,1,253.74
1,0,1,0,1,1,0,0,1,1,1,251.16
1,1,1,0,1,1,0,0,1,1,1,254.5
1,0,0,0,1,1,1,0,1,1,1,250.6
1,0,1,0,1,1,1,0,1,1,1,251.98
1,1,0,0,1,1,1,0,1,1,1,254.42
1,1,1,0,1,1,1,0,1,1,1,255.32
1,0,0,1,1,1,0,0,1,1,1,249.46
1,1,0,1,1,1,0,0,1,1,1,252.87
1,0,0,1,1,1,1,0,1,1,1,250.48
1,1,0,1,1,1,1,0,1,1,1,253.57
1,0,1,1,1,1,0,0,1,1,1,251.81
1,0,1,1,1,1,1,0,1,1,1,252.77
1,1,1,1,1,1,0,0,1,1,1,255.43
1,1,1,1,1,1,1,0,1,1,1,256.25
1,0,0,0,0,0,0,1,1,0,1,244.92
1,1,0,0,0,0,0,1,1,0,1,247.47
1,0,1,0,1,0,0,1,1,0,1,248.02
1,1,1,0,1,0,0,1,1,0,1,248.9
1,0,0,1,0,0,0,1,1,0,1,245.5
1,0,1,1,1,0,0,1,1,0,1,249.05
1,1,0,1,0,0,0,1,1,0,1,246.32
1,1,1,1,1,0,0,1,1,0,1,250.16
1,0,0,0,1,0,0,1,1,0,1,247.25
1,1,0,0,1,0,0,1,1,0,1,249.79
1,0,0,1,1,0,0,1,1,0,1,247.43
1,1,0,1,1,0,0,1,1,0,1,248.43
1,0,1,0,1,0,0,1,1,0,1,250.12
1,0,1,1,1,0,0,1,1,0,1,251.24
1,1,1,0,1,0,0,1,1,0,1,251.24
1,1,1,1,1,0,0,1,1,0,1,252.27
1,0,0,0,0,1,0,1,1,0,1,246.61
1,1,0,0,0,1,0,1,1,0,1,249.25
1,0,1,0,1,1,0,1,1,0,1,249.01
1,1,1,0,1,1,0,1,1,0,1,250.24
1,0,0,0,1,1,0,1,1,0,1,248.71
1,0,1,0,1,1,0,1,1,0,1,251.02
1,1,0,0,1,1,0,1,1,0,1,251.3
1,1,1,0,1,1,0,1,1,0,1,252.09
1,0,0,1,0,1,0,1,1,0,1,246.65
1,1,0,1,0,1,0,1,1,0,1,247.87
1,0,0,1,1,1,0,1,1,0,1,248.65
1,1,0,1,1,1,0,1,1,0,1,249.83
1,0,1,1,1,1,0,1,1,0,1,249.83
1,0,1,1,1,1,0,1,1,0,1,251.91
1,1,1,1,1,1,0,1,1,0,1,251.15
1,1,1,1,1,1,0,1,1,0,1,253.15
1,0,0,0,0,0,0,1,1,1,1,258.56
1,1,0,0,0,0,0,1,1,1,1,264.6
1,0,1,0,1,0,0,1,1,1,1,260.33
1,1,1,0,1,0,0,1,1,1,1,264.99
1,0,0,1,0,0,0,1,1,1,1,258.02
1,0,1,1,1,0,0,1,1,1,1,261.44
1,1,0,1,0,0,0,1,1,1,1,262.74
1,1,1,1,1,0,0,1,1,1,1,266.1
1,0,0,0,0,1,0,1,1,1,1,260.5
1,1,0,0,0,1,0,1,1,1,1,266.45
1,0,0,1,0,1,0,1,1,1,1,259.76
1,1,0,1,0,1,0,1,1,1,1,264.47
1,0,1,0,1,1,0,1,1,1,1,261.85
1,0,1,1,1,1,0,1,1,1,1,262.95
1,1,1,0,1,1,0,1,1,1,1,266.52
1,1,1,1,1,1,0,1,1,1,1,267.85
1,0,0,0,1,0,0,1,1,1,1,261.09
1,1,0,0,1,0,0,1,1,1,1,267.04
1,0,1,0,1,0,0,1,1,1,1,262.66
1,1,1,0,1,0,0,1,1,1,1,267.28
1,0,0,0,1,1,0,1,1,1,1,262.68
1,0,1,0,1,1,0,1,1,1,1,264.16
1,1,0,0,1,1,0,1,1,1,1,268.8
1,1,1,0,1,1,0,1,1,1,1,268.58
1,0,0,1,1,0,0,1,1,1,1,260.17
1,1,0,1,1,0,0,1,1,1,1,264.93
1,0,0,1,1,1,0,1,1,1,1,261.68
1,1,0,1,1,1,0,1,1,1,1,266.21
1,0,1,1,1,0,0,1,1,1,1,263.72
1,0,1,1,1,1,0,1,1,1,1,264.93
1,1,1,1,1,0,0,1,1,1,1,268.42
1,1,1,1,1,1,0,1,1,1,1,269.52
1,0,0,0,0,0,1,1,1,0,1,245.79
1,1,0,0,0,0,1,1,1,0,1,248.19
1,0,1,0,1,0,1,1,1,0,1,248.42
1,1,1,0,1,0,1,1,1,0,1,249.49
1,0,0,1,0,0,1,1,1,0,1,246.01
1,0,1,1,1,0,1,1,1,0,1,249.53
1,1,0,1,0,0,1,1,1,0,1,247.26
1,1,1,1,1,0,1,1,1,0,1,250.6
1,0,0,0,1,0,1,1,1,0,1,247.67
1,1,0,0,1,0,1,1,1,0,1,250.37
1,0,0,1,1,0,1,1,1,0,1,248.03
1,1,0,1,1,0,1,1,1,0,1,249.3
1,0,1,0,1,0,1,1,1,0,1,250.45
1,0,1,1,1,0,1,1,1,0,1,251.52
1,1,1,0,1,0,1,1,1,0,1,251.25
1,1,1,1,1,0,1,1,1,0,1,252.5
1,0,0,0,0,0,1,1,1,1,1,260.17
1,1,0,0,0,0,1,1,1,1,1,266.11
1,0,1,0,1,0,1,1,1,1,1,261.69
1,1,1,0,1,0,1,1,1,1,1,266.48
1,0,0,0,1,0,1,1,1,1,1,262.22
1,0,1,0,1,0,1,1,1,1,1,263.79
1,1,0,0,1,0,1,1,1,1,1,268.41
1,1,1,0,1,0,1,1,1,1,1,268.38
1,0,0,1,0,0,1,1,1,1,1,259.26
1,1,0,1,0,0,1,1,1,1,1,264.17
1,0,0,1,1,0,1,1,1,1,1,261.36
1,1,0,1,1,0,1,1,1,1,1,266.09
1,0,1,1,1,0,1,1,1,1,1,262.6
1,0,1,1,1,0,1,1,1,1,1,264.6
1,1,1,1,1,0,1,1,1,1,1,267.32
1,1,1,1,1,0,1,1,1,1,1,269.38
1,0,0,0,0,1,1,1,1,0,1,247.13
1,1,0,0,0,1,1,1,1,0,1,249.74
1,0,1,0,1,1,1,1,1,0,1,249.6
1,1,1,0,1,1,1,1,1,0,1,250.61
1,0,0,1,0,1,1,1,1,0,1,247.31
1,0,1,1,1,1,1,1,1,0,1,250.75
1,1,0,1,0,1,1,1,1,0,1,248.58
1,1,1,1,1,1,1,1,1,0,1,251.8
1,0,0,0,0,1,1,1,1,1,1,261.57
1,1,0,0,0,1,1,1,1,1,1,267.59
1,0,0,1,0,1,1,1,1,1,1,260.69
1,1,0,1,0,1,1,1,1,1,1,265.42
1,0,1,0,1,1,1,1,1,1,1,262.94
1,0,1,1,1,1,1,1,1,1,1,263.82
1,1,1,0,1,1,1,1,1,1,1,267.51
1,1,1,1,1,1,1,1,1,1,1,268.55
1,0,0,0,1,1,1,1,1,0,1,249.34
1,1,0,0,1,1,1,1,1,0,1,251.79
1,0,1,0,1,1,1,1,1,0,1,251.52
1,1,1,0,1,1,1,1,1,0,1,252.68
1,0,0,0,1,1,1,1,1,1,1,263.59
1,0,1,0,1,1,1,1,1,1,1,264.74
1,1,0,0,1,1,1,1,1,1,1,269.47
1,1,1,0,1,1,1,1,1,1,1,269.47
1,0,0,1,1,1,1,1,1,0,1,249.36
1,1,0,1,1,1,1,1,1,0,1,250.43
1,0,0,1,1,1,1,1,1,1,1,262.11
1,1,0,1,1,1,1,1,1,1,1,267.17
1,0,1,1,1,1,1,1,1,0,1,252.45
1,0,1,1,1,1,1,1,1,1,1,265.82
1,1,1,1,1,1,1,1,1,0,1,253.67
1,1,1,1,1,1,1,1,1,1,1,270.4